"Transaction Hash","Blockno","UnixTimestamp","DateTime (UTC)","From","To","ContractAddress","Value_IN(ETH)","Value_OUT(ETH)","CurrentValue @ $2352.74395734971/Eth","TxnFee(ETH)","TxnFee(USD)","Historical $Price/Eth","Status","ErrCode","Method"
"0x48a2b859a11d61bb2786729ebbc2eb6addce248ab6c0a61eb0400f9684e11c24","23045864","1754046863","2025-08-01 11:14:23","0xca068d3cffbf879e3041fa3e1d29f68d18bb4f8a","0xde83cf15d27eb4795d4e1d33852bf14caebd2b47","","0.484681455453333","0","1140.33136555729","0.000009946552728","0.0234016918272623","3487.02","","","Transfer"
"0xd4c2ea90a1929fc929530a957beb01ca6fe7b17b6f501fc48d8783768605df46","23046329","1754052479","2025-08-01 12:47:59","0xaa672530899bb07926ff41357b3525062275c2d8","0xde83cf15d27eb4795d4e1d33852bf14caebd2b47","","0.1993108758211335","0","468.92745872225","0.00002075517129","0.0488316038363057","3487.02","","","Transfer"
"0x455af8f26ceac88a26cabb54850ae8e44e76c9ed1a3f3d03af2a6ba41e3d4e22","23046333","1754052527","2025-08-01 12:48:47","0xaa672530899bb07926ff41357b3525062275c2d8","0xde83cf15d27eb4795d4e1d33852bf14caebd2b47","","0.1998746134708355","0","470.253789071117","0.000020228151888","0.0475916621228441","3487.02","","","Transfer"
"0x292c063624a0de86bc03529c3841e8ee8322ec2fde8fa18fb77a501f400c2b9b","23047381","1754065163","2025-08-01 16:19:23","0x86c25ead30f4e6e65ad1dec920a3990c36b2c80b","0xde83cf15d27eb4795d4e1d33852bf14caebd2b47","","1.578307140897976","0","3713.35258858961","0.000017456417034","0.04107047969372","3487.02","","","Transfer"
"0xaa330e87937077e4cca51510a4bfc1e7d21d03c0d6a8f1c03bb7d02b31e5bd09","23047530","1754066975","2025-08-01 16:49:35","0xd41c312efa0a15256f2fccafefd6ab4ac07411cb","0xde83cf15d27eb4795d4e1d33852bf14caebd2b47","","2.004712020710339","0","4716.57409295258","0.000015179139213","0.0357126280611558","3487.02","","","Transfer"
"0xa8ff8af354d68de301d2bbcfec356bf533a3546ec10b38e5a06cc585424b3b5d","23047563","1754067383","2025-08-01 16:56:23","0xf31d1e5ab6a3d4e9f5eea90ba1cda9798fb04b89","0xde83cf15d27eb4795d4e1d33852bf14caebd2b47","","0.14424410540915394","0","339.369447384702","0.000013675859757","0.0321757964048438","3487.02","","","Transfer"
"0xa24a77eb16d5009ff633a1773b0fdb463ed3cad58db6f733137e65689638e5bd","23047604","1754067875","2025-08-01 17:04:35","0xd41c312efa0a15256f2fccafefd6ab4ac07411cb","0xde83cf15d27eb4795d4e1d33852bf14caebd2b47","","0.400443774769626","0","942.141671347546","0.000024450901335","0.0575267103676752","3487.02","","","Transfer"
"0x6a564a84d236d7ad31ae6b2aecf1047d4d647617f1f751abe214d8312abcec33","23062554","1754248427","2025-08-03 19:13:47","0xde83cf15d27eb4795d4e1d33852bf14caebd2b47","0xdac17f958d2ee523a2206206994597c13d831ec7","","0","0","0","0.00001497443491985","0.0352310112724036","3497.60","","","Transfer"
"0x0b1e121f94054d9ec67e4c543c9310f7032c8ee413e28c512094039e33ff702b","23062559","1754248487","2025-08-03 19:14:47","0xde83cf15d27eb4795d4e1d33852bf14caebd2b47","0xdac17f958d2ee523a2206206994597c13d831ec7","","0","0","0","0.000014908129440106","0.0350750114555967","3497.60","","","Transfer"
"0xd7a18c3b790fdb07e3881a1f5b6ce6e1fb48ad9ff87dc900242ecb980c07f30b","23067657","1754309975","2025-08-04 12:19:35","0xf31d1e5ab6a3d4e9f5eea90ba1cda9798fb04b89","0xde83cf15d27eb4795d4e1d33852bf14caebd2b47","","0.10089030778569662","0","237.36906199795","0.000007328561415","0.0172422285852075","3720.93","","","Transfer"
"0x39513f932fb376c8688901e5d2dfe1b233f16e3b4f9dfeaead0b46bacd7eee49","23068684","1754322359","2025-08-04 15:45:59","0x480c57952b6443b68149eafb0b218ff3b91e91c9","0xde83cf15d27eb4795d4e1d33852bf14caebd2b47","","2.013456363073293","0","4737.14729160801","0.0000173018055","0.040706718341365","3720.93","","","Transfer"
"0x176e7b8fc6f1a3c903b5fc344012922ce06b935625cb82f283491f6718ddc94b","23068850","1754324351","2025-08-04 16:19:11","0xde83cf15d27eb4795d4e1d33852bf14caebd2b47","0x549656717f6c01a5a72b2053a701e15b8f9e197f","","0","0.002746107441841344","6.46088769002529","0.000022291117002","0.0524452908290309","3720.93","","","Transfer"
"0x5882cdf724448624549a5c2c9522224afd26a4d5e846ef575ec11669b3960c18","23068853","1754324387","2025-08-04 16:19:47","0xde83cf15d27eb4795d4e1d33852bf14caebd2b47","0xb33acce5a788a9a2520ecbabb699facf9deaf575","","0","0.002727541736485691","6.41720733893584","0.000029293073712","0.0689191021681076","3720.93","","","Transfer"
"0xa36dfc58d8fdee7160c888bc85110b8d533e2197625edd1a4ca319f295845475","23068855","1754324411","2025-08-04 16:20:11","0x5490a343bad4b648f2897d6729538ad36c54597f","0xde83cf15d27eb4795d4e1d33852bf14caebd2b47","","0","0","0","0.00001808237676","0.0425432026566108","3720.93","","","Transfer"
"0xbe7640585c6ef2f7a9fff61d680b5afc16e15fa7f34ca05dbad259afb3946fb3","23068860","1754324471","2025-08-04 16:21:11","0xb33a5c2cfbd0347ce079dfb8388ab1c4c13df575","0xde83cf15d27eb4795d4e1d33852bf14caebd2b47","","0.000001","0","0.00235274395734971","0.000017824940133","0.0419375201880361","3720.93","","","Transfer"
"0xae403b7389e1334f7f7ac71444505e2fc5638839d63c2c969252679d2d3218bf","23068860","1754324471","2025-08-04 16:21:11","0x54966c347aadd27ec65acd5f20c9fff5fc1b197f","0xde83cf15d27eb4795d4e1d33852bf14caebd2b47","","0.000001","0","0.00235274395734971","0.000017824940133","0.0419375201880361","3720.93","","","Transfer"
"0x6387cfc892ac7989d491e5d4026dc9d42791e358747114e45cfce7ef7ff4a31f","23068985","1754326019","2025-08-04 16:46:59","0xf31d1e5ab6a3d4e9f5eea90ba1cda9798fb04b89","0xde83cf15d27eb4795d4e1d33852bf14caebd2b47","","3.044975721938539","0","7164.04823006747","0.000030513713832","0.0717909558345363","3720.93","","","Transfer"
"0xefc20be0f990ce403c06c27950b0b06aad0fc9b52041831427931b0c79a6e489","23069035","1754326619","2025-08-04 16:56:59","0x0e80062ca5c2a09707ddf193e5c29f2a404527f9","0xde83cf15d27eb4795d4e1d33852bf14caebd2b47","","0.715314169095424","0","1682.95108894589","0.000021415285458","0.0503846834562286","3720.93","","","Transfer"
"0x8443219f601881bb7ba84ab421088029ee007f25735407bab5ce2945c4501152","23069654","1754334071","2025-08-04 19:01:11","0x549629aae24893d4f6f429b9b25a03a641f9197f","0xde83cf15d27eb4795d4e1d33852bf14caebd2b47","","0.000000001","0","0.00000235274395734971","0.000011519218578","0.02710177190278","3720.93","","","Transfer"
"0x7ab8addcac3bc4c4ee7c3ec2026845c0a0fc690cbe4a2146ff2e1b73a6dd8582","23069656","1754334095","2025-08-04 19:01:35","0xb33a9fd207c31b0d385fd26e7a553762df3bf575","0xde83cf15d27eb4795d4e1d33852bf14caebd2b47","","0.000000001","0","0.00000235274395734971","0.000011519218578","0.02710177190278","3720.93","","","Transfer"
"0xb7b5be5b06ca33ef8bf622272daa3c2d7433403fd97c8aa054714877fc15c8e7","23069694","1754334551","2025-08-04 19:09:11","0xde83cf15d27eb4795d4e1d33852bf14caebd2b47","0xdac17f958d2ee523a2206206994597c13d831ec7","","0","0","0","0.000034237686916993","0.0805525110075865","3720.93","","","Transfer"
"0xb106365be32c7e2b7a75ee11bba37868c82a541c6d533d82691ccade712fe430","23070104","1754339483","2025-08-04 20:31:23","0xdc61b24ffa930dea7a9c854644ab74ee933de3de","0xde83cf15d27eb4795d4e1d33852bf14caebd2b47","","0.054809983014331996","0","128.95385633941","0.000016365901461","0.0385047757689485","3720.93","","","Transfer"
"0xedb991e4bed8985792a574b06f0cde8330a161a53e6c53021bcc59b1be3effc3","23073445","1754379815","2025-08-05 07:43:35","0xde83cf15d27eb4795d4e1d33852bf14caebd2b47","0xdac17f958d2ee523a2206206994597c13d831ec7","","0","0","0","0.000026954849484762","0.0634178592465447","3611.81","","","Transfer"
"0xede1e887f238257824294a758ae66777b1b67b588190f08a96dd3b1fc957cef2","23073453","1754379911","2025-08-05 07:45:11","0xde83cf15d27eb4795d4e1d33852bf14caebd2b47","0xdac17f958d2ee523a2206206994597c13d831ec7","","0","0","0","0.000025579365392364","0.0601816973597247","3611.81","","","Transfer"
"0x063993da089f60ae2f8238ab71d8152db9c8b2fa5291c2c825aaa15120bb1ddf","23073458","1754379971","2025-08-05 07:46:11","0xde83cf15d27eb4795d4e1d33852bf14caebd2b47","0xdac17f958d2ee523a2206206994597c13d831ec7","","0","0","0","0.000018673445849233","0.04393383688468","3611.81","","","Transfer"
"0xedd051dedd5482fdc0d17e184bce22443c13d3dc94c528322b2eef9907c8c54d","23073463","1754380031","2025-08-05 07:47:11","0xde83cf15d27eb4795d4e1d33852bf14caebd2b47","0xdac17f958d2ee523a2206206994597c13d831ec7","","0","0","0","0.000027734853387283","0.0652530087149102","3611.81","","","Transfer"
"0x315abe68b85d1a1f1697f57ab3371802769dc9ac216889668e37d0f9de93f2d2","23073472","1754380139","2025-08-05 07:48:59","0xde83cf15d27eb4795d4e1d33852bf14caebd2b47","0xdac17f958d2ee523a2206206994597c13d831ec7","","0","0","0","0.00003537000268567","0.0832165600901531","3611.81","","","Transfer"
"0x578be67c272175814e199429cbe8eb0dae44d295eedf1afb709ae9083dca1cd4","23074638","1754394167","2025-08-05 11:42:47","0xde83cf15d27eb4795d4e1d33852bf14caebd2b47","0xdac17f958d2ee523a2206206994597c13d831ec7","","0","0","0","0.00002573586914265","0.0605499106125127","3611.81","","","Transfer"
"0xda06b971115758e62589c626898acfc0a7930a4a136bcf62e0322ca6b901090b","23074711","1754395067","2025-08-05 11:57:47","0x0f776cc057622f0da2f257d2b987a7cf3386b7cc","0xde83cf15d27eb4795d4e1d33852bf14caebd2b47","","1.96647514","0","4626.61250291342","0.000005678096802","0.0133591079401522","3611.81","","","Transfer"
"0xedb85077f3a53baa132e6bd033d498121091ece09a51fb411011fd32b543be30","23074712","1754395079","2025-08-05 11:57:59","0xde83cf15d27eb4795d4e1d33852bf14caebd2b47","0xc6f9ffdf6873959d4e3ad8d9e915af005f96fd9c","","0","0.002720635697644038","6.40095919778192","0.000007457409939","0.0175453761714619","3611.81","","","Transfer"
"0x4fdf28502ad817e085c62b3a0f45b6cef9597edc083c5ecb3e6844d47a9aa36f","23074729","1754395283","2025-08-05 12:01:23","0xc6f9ce284ee7e062e7c738c01cf9495a7960fd9c","0xde83cf15d27eb4795d4e1d33852bf14caebd2b47","","0.000000001","0","0.00000235274395734971","0.000009459448971","0.0222556614063782","3611.81","","","Transfer"
"0x8002e52c677e209a2b3e45735a48761ec23ada7b7930240ee1806895f2e10967","23075039","1754399003","2025-08-05 13:03:23","0xde83cf15d27eb4795d4e1d33852bf14caebd2b47","0xdac17f958d2ee523a2206206994597c13d831ec7","","0","0","0","0.000059580748723246","0.140178246532988","3611.81","","","Transfer"
"0x34a6eb910c9552b11d2fea1fca55763780d57e425500178f4edeee5ad0f57fcb","23075268","1754401775","2025-08-05 13:49:35","0xa7b01856ef7b838dd9798f846bbc2f9a8716f74d","0xde83cf15d27eb4795d4e1d33852bf14caebd2b47","","0.34450970363697163","0","810.543123480224","0.000017664532683","0.0415601225293347","3611.81","","","Transfer"
"0x72e0b33dc0391e924dee15b7f3f9493ac5847c3ec8c57b30e736e8e49c5bd751","23075282","1754401943","2025-08-05 13:52:23","0x9449f1b024ada02aaed77bea231421f7c13a5f96","0xde83cf15d27eb4795d4e1d33852bf14caebd2b47","","0.32922894580891554","0","774.591412836541","0.000018053548044","0.0424753760692437","3611.81","","","Transfer"
"0xdd8d1acb10c17d69f0eff6a79da13a8c7ba32c4ec4a9bd46fd656545adeef936","23075501","1754404583","2025-08-05 14:36:23","0xde83cf15d27eb4795d4e1d33852bf14caebd2b47","0xdac17f958d2ee523a2206206994597c13d831ec7","","0","0","0","0.000665884394131898","1.5666554845873","3611.81","","","Transfer"
"0xbc2d755fdd0e46f3d668e49bcbf4d400eb5f40b4cef063c5cf0b9a16f61d4fab","23075921","1754409659","2025-08-05 16:00:59","0xd41c312efa0a15256f2fccafefd6ab4ac07411cb","0xde83cf15d27eb4795d4e1d33852bf14caebd2b47","","3.219891383645704","0","7575.57999619483","0.000028596124116","0.0672793582175413","3611.81","","","Transfer"
"0x380200bda365e8541bfc6ab6818fbe9660dc0c4b45b5dd845336e84adffb505d","23076356","1754414903","2025-08-05 17:28:23","0xc2cdd918ad7330c1e56d7158765dc032ee7ecb19","0xde83cf15d27eb4795d4e1d33852bf14caebd2b47","","0.30241058829800066","0","711.494684256692","0.000024035369295","0.05654906987148","3611.81","","","Transfer"
"0x7f341c0013b6d46430411567845863417705abd4aa747b94b8a2f75309a8d659","23076360","1754414951","2025-08-05 17:29:11","0x0f776cc057622f0da2f257d2b987a7cf3386b7cc","0xde83cf15d27eb4795d4e1d33852bf14caebd2b47","","0.0574657","0","135.202078429871","0.000023910968529","0.0562563867209838","3611.81","","","Transfer"
"0xa93e145f46d0402392ea01cf24268aa2115f26465f19afbb4e9315f3b639f5cd","23077237","1754425511","2025-08-05 20:25:11","0xdc61b24ffa930dea7a9c854644ab74ee933de3de","0xde83cf15d27eb4795d4e1d33852bf14caebd2b47","","0.149700446408589872","0","352.206820700364","0.000028009290834","0.0658986897593441","3611.81","","","Transfer"
"0x87cde86fba1c4ba1491fc9a0ec9e6ebdb4723ce067fff1ade62cf17941138b2d","23080465","1754464463","2025-08-06 07:14:23","0xde83cf15d27eb4795d4e1d33852bf14caebd2b47","0xdac17f958d2ee523a2206206994597c13d831ec7","","0","0","0","0.000019068971525555","0.0448644075296232","3684.11","","","Transfer"
"0x1932a485524e7581f4b721afa0d7cb4694833c74f3f46777b435575336169c26","23080468","1754464499","2025-08-06 07:14:59","0xde83cf15d27eb4795d4e1d33852bf14caebd2b47","0xdac17f958d2ee523a2206206994597c13d831ec7","","0","0","0","0.000019516784946204","0.0459179978490752","3684.11","","","Transfer"
"0x936ecad81a76428136032753808e6497a0e1c11069bd745b3a926f094b13fa40","23080474","1754464571","2025-08-06 07:16:11","0xde83cf15d27eb4795d4e1d33852bf14caebd2b47","0xdac17f958d2ee523a2206206994597c13d831ec7","","0","0","0","0.000018182678114146","0.0427791860614918","3684.11","","","Transfer"
"0x02c9eb65cec95b5f72e4cbfba80ab1e3119534405dbdd6fb4f68c2344482ff70","23080476","1754464595","2025-08-06 07:16:35","0xde83cf15d27eb4795d4e1d33852bf14caebd2b47","0xdac17f958d2ee523a2206206994597c13d831ec7","","0","0","0","0.000016126590427591","0.0379417381811684","3684.11","","","Transfer"
"0x9f92d8daa0c63e55c16defeda330ed05c3b43e7e67f08cce309da68b98f0d9d2","23081403","1754475767","2025-08-06 10:22:47","0xde83cf15d27eb4795d4e1d33852bf14caebd2b47","0xdac17f958d2ee523a2206206994597c13d831ec7","","0","0","0","0.000023428033020483","0.0551201631215308","3684.11","","","Transfer"
"0x1a79645e1fd83383df83f50baecc80fb0a3fddb00bdb7b1f5dda66498eca5dff","23081407","1754475815","2025-08-06 10:23:35","0x4b3a58b72d64c1aa47888f22103bd86e0222caef","0xde83cf15d27eb4795d4e1d33852bf14caebd2b47","","0.298937758363167","0","703.324004612609","0.000010708649343","0.0251947100331202","3684.11","","","Transfer"
"0xe47e8fae53ec9e7db9b4251559b8675707d4f6b963355e607d71464150fce812","23081612","1754478275","2025-08-06 11:04:35","0x841f51303af127d127a1548e32178060d8fea5fa","0xde83cf15d27eb4795d4e1d33852bf14caebd2b47","","0.292929731824336","0","689.188656477778","0.000009629357598","0.022655412901854","3684.11","","","Transfer"
"0xe4ab0e2fcf733a6a394960060bb2e059a99cae530dace2eb5f803764d60885f0","23081630","1754478491","2025-08-06 11:08:11","0xc2cdd918ad7330c1e56d7158765dc032ee7ecb19","0xde83cf15d27eb4795d4e1d33852bf14caebd2b47","","0.25132712785142494","0","591.308381370498","0.000011535336792","0.0271396939333718","3684.11","","","Transfer"
"0x4db8e093205a2388e0a41a565b15021f986fa87faedaba92b6c056010ed8a612","23081760","1754480063","2025-08-06 11:34:23","0xde83cf15d27eb4795d4e1d33852bf14caebd2b47","0x2e8bdfd0992f1fcd15b10cc4b0edb0d77fb8a8c9","","0","0.027476677888800392","64.6455878709195","0.000009921366378","0.0233424347944921","3684.11","","","Transfer"
"0x1ae1ac56aa53d22d0a12df8f73b4512170262ac3a0f0e594f41bc84db7530935","23081770","1754480195","2025-08-06 11:36:35","0x2e8b70a73d3e7b04a005bc5016fb00c5b6c0a8c9","0xde83cf15d27eb4795d4e1d33852bf14caebd2b47","","0.000001","0","0.00235274395734971","0.00000753795567","0.0177348796533625","3684.11","","","Transfer"
"0x540f6214d2b18db95bcac67bc69506761b374f00d428fe1163c25315c081c0a8","23081786","1754480387","2025-08-06 11:39:47","0x2e8bab4ea57cb32ece80b76afcea5b7f8e4fa8c9","0xde83cf15d27eb4795d4e1d33852bf14caebd2b47","","0.000001","0","0.00235274395734971","0.000008012370072","0.0188510552709477","3684.11","","","Transfer"
"0x55a8cb6a650a8e5de6fde599362e0d3403b17c5c22bab6bcc680e9b1b68e3ab2","23081879","1754481527","2025-08-06 11:58:47","0xde83cf15d27eb4795d4e1d33852bf14caebd2b47","0x94f12a745159df5dc6b05420f4ccc1b8253cf709","","0","0.005495335577760078","12.9291175741839","0.000007628278896","0.0179473870775423","3684.11","","","Transfer"
"0xd9ba3fc2eebafaa624213926f22bebd1ef6f5f7fab03147343b08c2547f33b4a","23081899","1754481767","2025-08-06 12:02:47","0xeeb5916a96e7db0ce928108ad446de05aeb93495","0xde83cf15d27eb4795d4e1d33852bf14caebd2b47","","0.671296786324464","0","1579.38945761316","0.000007664524035","0.0180326626093079","3684.11","","","Transfer"
"0x701339ca30665b175fc4dee6ed34089632203443a6ba1fd4c6f4a486b3850047","23082356","1754487287","2025-08-06 13:34:47","0xde83cf15d27eb4795d4e1d33852bf14caebd2b47","0xb9011e53923b95d7c5ec008c7984b2627a4ea46a","","0","0.027476677888800392","64.6455878709195","0.000013235181939","0.0311389943314063","3684.11","","","Transfer"
"0x57626c851b695f9d7f14a873a2cbfc9c35f8ee900c7ac443f6b8684cfb2d34b2","23082524","1754489303","2025-08-06 14:08:23","0xde83cf15d27eb4795d4e1d33852bf14caebd2b47","0xdac17f958d2ee523a2206206994597c13d831ec7","","0","0","0","0.000071839596492043","0.169020176545096","3684.11","","","Transfer"
"0x262c8b4929ef1013d3310d72dec4de150efae9e75fbc96be15088dc48da32042","23082710","1754491535","2025-08-06 14:45:35","0xeb31af76e99a2998927ae9a1614596ae73d02fc1","0xde83cf15d27eb4795d4e1d33852bf14caebd2b47","","0.08333381597078","0","196.063131968145","0.00002019422538","0.0475118417361531","3684.11","","","Transfer"
"0x284a57269e1f519cb36b2299ce8d31faa7124ef8747d7cd50f57031cee49cc8a","23082898","1754493791","2025-08-06 15:23:11","0xdc61b24ffa930dea7a9c854644ab74ee933de3de","0xde83cf15d27eb4795d4e1d33852bf14caebd2b47","","0.139869684813174","0","329.077555760604","0.000017945186826","0.0422204298683831","3684.11","","","Transfer"
"0x3a2d5e4d065e5725afbe009f9a302d408b871fb1430e0988127febb017870ff6","23083294","1754498567","2025-08-06 16:42:47","0xde83cf15d27eb4795d4e1d33852bf14caebd2b47","0xc9aef4f0e871491971fa1a1ec77ead728c780ac5","","0","0.002739962911397336","6.4464311831524","0.000031876237617","0.0749966254364403","3684.11","","","Transfer"
"0xebc35976e12ab089e6bbebac6503963b4d5f040920d4cabea339923a08546b7b","23083296","1754498591","2025-08-06 16:43:11","0xde83cf15d27eb4795d4e1d33852bf14caebd2b47","0x3a08921f903c0a6fbcbaf7c6cb74971a36281b62","","0","0.010959851645589344","25.7857247326096","0.000032636654967","0.0767856927617167","3684.11","","","Transfer"
"0x6097fa6df78dba978c88974c8173b72add400f7944d9b15c9490bcad4829adf0","23083307","1754498723","2025-08-06 16:45:23","0xde83cf15d27eb4795d4e1d33852bf14caebd2b47","0xdac17f958d2ee523a2206206994597c13d831ec7","","0","0","0","0.000087254296310793","0.205287018398019","3684.11","","","Transfer"
"0x8965fe7be83e832bdb3cf80a3008cae60ccce1611eda3c27fb63765dc44e649f","23083799","1754504687","2025-08-06 18:24:47","0xde83cf15d27eb4795d4e1d33852bf14caebd2b47","0x004c7ec9c45a8822afd35488dcb7d0a138ab6fff","","0","0.024430784919356224","57.4793815923258","0.000017886419124","0.0420821645126153","3684.11","","","Transfer"
"0x78fa4d6d58204c3ce0f48fc1b0929a4313088a128da9b1cd09edfcb6d3c723e6","23083846","1754505251","2025-08-06 18:34:11","0x8f7b71cf983ca85ffa453fd05f1e53a211d9240a","0xde83cf15d27eb4795d4e1d33852bf14caebd2b47","","2.233113821929949","0","5253.9450506198","0.000012642536739","0.029744651918254","3684.11","","","Transfer"
"0x97a91ae954ba06655059eba98290ce9615a7e243dba6e253ad33ba79e02ba0aa","23084085","1754508143","2025-08-06 19:22:23","0xdc61b24ffa930dea7a9c854644ab74ee933de3de","0xde83cf15d27eb4795d4e1d33852bf14caebd2b47","","0.200823870506685796","0","472.487147826186","0.000017945186826","0.0422204298683831","3684.11","","","Transfer"
"0xa4ccd1c9f830744503aa373b940643eed579dd5c90a44eaf147fa5029a2aedc0","23084226","1754509835","2025-08-06 19:50:35","0xa7b01856ef7b838dd9798f846bbc2f9a8716f74d","0xde83cf15d27eb4795d4e1d33852bf14caebd2b47","","0.3506116649154231","0","824.899476006083","0.000009482684694","0.0223103291132611","3684.11","","","Transfer"
"0x09a13ef43379a191b90070be4a50f07ae5c836b6fbfa4bfb8c4deb9a20104781","23084233","1754509919","2025-08-06 19:51:59","0xa7b01856ef7b838dd9798f846bbc2f9a8716f74d","0xde83cf15d27eb4795d4e1d33852bf14caebd2b47","","0.3500672368643122","0","823.61857619862","0.000009836329755","0.0231423653935754","3684.11","","","Transfer"
"0x869edba5cfb8ea8bcea22f275862f92ad035c93b4e5f260b1f0b5fe874d1f8ec","23084235","1754509943","2025-08-06 19:52:23","0xab62441261c4c01d829f4c03eb92a73f688c99f0","0xde83cf15d27eb4795d4e1d33852bf14caebd2b47","","0.189730993549481301","0","446.388448595499","0.000009917254788","0.0233327612759645","3684.11","","","Transfer"
"0xd53541969f86a20a662a89c003f999e3df6e223ea83d02573bc2ce5143f49a34","23084902","1754518019","2025-08-06 22:06:59","0x00407d6a1e7390c14c693c37c483c1e172cb4fff","0xde83cf15d27eb4795d4e1d33852bf14caebd2b47","","0","0","0","0.000004613042637","0.0108533081891983","3684.11","","","Transfer"
"0x2d95d12a8f41f47a494d0d0acf05c5252832c6ed5b55df10fda11e71366c568e","23084914","1754518163","2025-08-06 22:09:23","0x004c6fe8bdb356e9c1ca3265674679ab8b216fff","0xde83cf15d27eb4795d4e1d33852bf14caebd2b47","","0","0","0","0.000006605122482","0.0155401620070802","3684.11","","","Transfer"
"0x4a93b5eb41bc252a453e8eeff74b3265357200f63d22c3e5e0e3d3c448a96dc8","23087575","1754550311","2025-08-07 07:05:11","0xde83cf15d27eb4795d4e1d33852bf14caebd2b47","0xdac17f958d2ee523a2206206994597c13d831ec7","","0","0","0","0.000017208114436968","0.0404862872589588","3911.67","","","Transfer"
"0x7a4eaac2bb7bfe626360bd263dec4af7b3e6f53aa2bb79c55feb10d64d767691","23087581","1754550383","2025-08-07 07:06:23","0xde83cf15d27eb4795d4e1d33852bf14caebd2b47","0xdac17f958d2ee523a2206206994597c13d831ec7","","0","0","0","0.000022281622434421","0.0524229525425317","3911.67","","","Transfer"
"0x7950d93b843b3c5c1f2a880b34165f2d883f6a6a553a2672821eff07431727af","23087592","1754550515","2025-08-07 07:08:35","0xde83cf15d27eb4795d4e1d33852bf14caebd2b47","0xdac17f958d2ee523a2206206994597c13d831ec7","","0","0","0","0.000013862202337657","0.0326142127854815","3911.67","","","Transfer"
"0xf7f9dc91b8a35b3221a147ef6df4458eb01b0b48ed1760fa757bc22cfbaad6c8","23087599","1754550599","2025-08-07 07:09:59","0xde83cf15d27eb4795d4e1d33852bf14caebd2b47","0xdac17f958d2ee523a2206206994597c13d831ec7","","0","0","0","0.000011809328354978","0.0277843259275331","3911.67","","","Transfer"
"0x955011ce21d0a6a6d63726d3c521551759bf817074c1ce6a3ec379dd866f3527","23089065","1754568263","2025-08-07 12:04:23","0xde83cf15d27eb4795d4e1d33852bf14caebd2b47","0xdac17f958d2ee523a2206206994597c13d831ec7","","0","0","0","0.000087768904711149","0.206497760202358","3911.67","","","Transfer"
"0xab3883349f9c00a5a99afa0986ac74379d48b37b7ea1f355e7708aca50ebbcdc","23089097","1754568647","2025-08-07 12:10:47","0xde83cf15d27eb4795d4e1d33852bf14caebd2b47","0x47f6b9c61623677b3ae1cccf16a823ed31207f19","","0","0.010442892923970274","24.5694532241211","0.000025551165612","0.0601153504968747","3911.67","","","Transfer"
"0x81996ee1d6f509adcfd517361697d6b37ef2fa5b56b98aff6449f020e3e802bf","23089104","1754568731","2025-08-07 12:12:11","0xde83cf15d27eb4795d4e1d33852bf14caebd2b47","0xec7e829495f5271ff220085c53550fe0d1480d97","","0","0.007831835992876672","18.4263048071946","0.000030370765047","0.071454633944417","3911.67","","","Transfer"
"0x3e8754b2981188630882cac95a3b727a67c8270442d386bee984a9bc77134401","23089153","1754569319","2025-08-07 12:21:59","0x0f776cc057622f0da2f257d2b987a7cf3386b7cc","0xde83cf15d27eb4795d4e1d33852bf14caebd2b47","","0.15302932","0","360.038807927335","0.000019596324783","0.0461051347194656","3911.67","","","Transfer"
"0x71a9882c1422709fe4ade3aa65ee36c26a4258023bb262541ff23b3c0a26e646","23089302","1754571131","2025-08-07 12:52:11","0x6d279c62d50edd35e525933e602241efe5abfda8","0xde83cf15d27eb4795d4e1d33852bf14caebd2b47","","0.7128585105940141","0","1677.17355324538","0.000022001782257","0.0517645602560808","3911.67","","","Transfer"
"0x7741c8ba969dfc6e237e7f4d71f9774598cb587df8a2350d1876a9dd7c3b21f3","23089308","1754571203","2025-08-07 12:53:23","0x6d279c62d50edd35e525933e602241efe5abfda8","0xde83cf15d27eb4795d4e1d33852bf14caebd2b47","","0.0782396142161789","0","184.077779572487","0.000019776273825","0.046528508740662","3911.67","","","Transfer"
"0x2ee9f438752c105e2762ac1e7951e99e0ed278901390184ab48798cab1707d54","23089432","1754572715","2025-08-07 13:18:35","0x5be9faffe8831622fe3d0d57e9b40dfa7badbd8e","0xde83cf15d27eb4795d4e1d33852bf14caebd2b47","","0.190879026092626","0","449.089475224223","0.000023477929797","0.0552375574609724","3911.67","","","Transfer"
"0x4107463280f35430de6c99ee75cbc383c69bb2be56ed4be18ab25d10d97117e8","23089606","1754574827","2025-08-07 13:53:47","0xde83cf15d27eb4795d4e1d33852bf14caebd2b47","0xa2cfe01ec1e363b7dd9ae04df337a49d60113134","","0","0.005185245527736732","12.1995550827572","0.000050543166072","0.118915128561221","3911.67","","","Transfer"
"0xa63267dd4d75c5400ecf4975399492cdfc3d8ed26512206c39cf8e2e16124b1a","23089792","1754577083","2025-08-07 14:31:23","0x6d279c62d50edd35e525933e602241efe5abfda8","0xde83cf15d27eb4795d4e1d33852bf14caebd2b47","","0.30497182268886097","0","717.520612993145","0.000028402698639","0.0668242775953321","3911.67","","","Transfer"
"0xa76b7ad4f672e0c20a0565d9e8bf70eeed8a2c7d56afe68d31329cc167313af8","23089912","1754578535","2025-08-07 14:55:35","0x0f776cc057622f0da2f257d2b987a7cf3386b7cc","0xde83cf15d27eb4795d4e1d33852bf14caebd2b47","","0.19177954","0","451.208153878307","0.000023047185168","0.0542241256379319","3911.67","","","Transfer"
"0x4091979faa3ace8b5d92d8f3e6747ff376f4171ff62d4a4332cfee578498a285","23090038","1754580047","2025-08-07 15:20:47","0xde83cf15d27eb4795d4e1d33852bf14caebd2b47","0xdac17f958d2ee523a2206206994597c13d831ec7","","0","0","0","0.000082476021983509","0.194044962347943","3911.67","","","Transfer"
"0x3c0034bf36a8b1e0e22a28e5997bf09a8e2820a34629ee88f5e3a362ca72d0ef","23090754","1754588651","2025-08-07 17:44:11","0xde83cf15d27eb4795d4e1d33852bf14caebd2b47","0xdac17f958d2ee523a2206206994597c13d831ec7","","0","0","0","0.000061267776080632","0.144147389953962","3911.67","","","Transfer"
"0x4dac504696bb52b6803c382a6e76423a49b6e5678f91a18fddea2797203374e5","23090788","1754589071","2025-08-07 17:51:11","0xa7b01856ef7b838dd9798f846bbc2f9a8716f74d","0xde83cf15d27eb4795d4e1d33852bf14caebd2b47","","0.2462429979094217","0","579.346725371069","0.000014489856507","0.0340909223397086","3911.67","","","Transfer"
"0xb86c50d2fd0555d7cd4629cf3e8c85731fb4a1ba8862cb69b64b4f1e7702e783","23090939","1754590895","2025-08-07 18:21:35","0x0f776cc057622f0da2f257d2b987a7cf3386b7cc","0xde83cf15d27eb4795d4e1d33852bf14caebd2b47","","0.08691666","0","204.492646608019","0.000010620776985","0.0249879688738176","3911.67","","","Transfer"
"0x8fd0caf0b5a5d98fc1068634907642037f439bc904fff5d6eab44a49e418ff37","23095253","1754642927","2025-08-08 08:48:47","0xde83cf15d27eb4795d4e1d33852bf14caebd2b47","0xdac17f958d2ee523a2206206994597c13d831ec7","","0","0","0","0.000017891835083794","0.0420949068792939","4010.54","","","Transfer"
"0x85255d585d2f12072ccf0c2d7a05f86a834c4c72286462ce5e21deac010e1edf","23095259","1754642999","2025-08-08 08:49:59","0xde83cf15d27eb4795d4e1d33852bf14caebd2b47","0xdac17f958d2ee523a2206206994597c13d831ec7","","0","0","0","0.000022282417567193","0.0524248232863564","4010.54","","","Transfer"
"0xd8927e0dc6bd769afac45c138b2fd706df3a2dec14fd4bc93b555d3f5a96af57","23095676","1754648039","2025-08-08 10:13:59","0xde83cf15d27eb4795d4e1d33852bf14caebd2b47","0xa0b86991c6218b36c1d19d4a2e9eb0ce3606eb48","","0","0","0","0.000015476540083008","0.0364123361609776","4010.54","","","Transfer"
"0xdc99285c37c7b4232881973400abf4c09e1913bf708d37ff155d97d297ffddb5","23095991","1754651831","2025-08-08 11:17:11","0x5be9faffe8831622fe3d0d57e9b40dfa7badbd8e","0xde83cf15d27eb4795d4e1d33852bf14caebd2b47","","0.241056905128775","0","567.145176919148","0.000007198779231","0.0169368843360298","4010.54","","","Transfer"
"0xd44da47ed8cdac8c2dca20c27c26a08525dc74bc9717ebf63b8255694afd7925","23096017","1754652143","2025-08-08 11:22:23","0xde83cf15d27eb4795d4e1d33852bf14caebd2b47","0xdac17f958d2ee523a2206206994597c13d831ec7","","0","0","0","0.000018374717702286","0.0432310060420601","4010.54","","","Transfer"
"0x238795c2eb45331abf3bd3ccaa8319a1c4c554c2d5a0d4cc559f97a498508e20","23097041","1754664539","2025-08-08 14:48:59","0xde83cf15d27eb4795d4e1d33852bf14caebd2b47","0xdac17f958d2ee523a2206206994597c13d831ec7","","0","0","0","0.000144162687687196","0.339177892331344","4010.54","","","Transfer"
"0x7c3685ce648267b3dabab7ad8fe974f12c4b463bc582ab8c12c36711dd1f7ad7","23097043","1754664563","2025-08-08 14:49:23","0xde83cf15d27eb4795d4e1d33852bf14caebd2b47","0xdac17f958d2ee523a2206206994597c13d831ec7","","0","0","0","0.000149137854400829","0.350883185753651","4010.54","","","Transfer"
"0x3f9c5864e9c41b874fe39fc76093e7017da0d6d0a616d2ed32e9a99bc66420da","23097048","1754664623","2025-08-08 14:50:23","0xde83cf15d27eb4795d4e1d33852bf14caebd2b47","0xa761d75ca7b183b1b52a462accd39537d59a4135","","0","0.002525112968085958","5.94094427728963","0.000048183611259","0.1133637002329","4010.54","","","Transfer"
"0xc15395424274d61f29148c5b800ee90c8efefbeabeb6c152b3009c1782df7f28","23097188","1754666327","2025-08-08 15:18:47","0xde83cf15d27eb4795d4e1d33852bf14caebd2b47","0xdac17f958d2ee523a2206206994597c13d831ec7","","0","0","0","0.000095061337029386","0.223654986273472","4010.54","","","Transfer"
"0x83a36ad2da2afc50ad1d723df5df7a035377a241aa2c7d34a765ecc2019ab2e7","23097300","1754667671","2025-08-08 15:41:11","0x0f776cc057622f0da2f257d2b987a7cf3386b7cc","0xde83cf15d27eb4795d4e1d33852bf14caebd2b47","","0.46946617","0","1104.53369464761","0.000035056095459","0.0824780167594369","4010.54","","","Transfer"
"0x37b81d1e39bbbf5d2163e1108d7fb972a528fde657e02b045a55e65779f6f785","23097846","1754674271","2025-08-08 17:31:11","0xde83cf15d27eb4795d4e1d33852bf14caebd2b47","0xdac17f958d2ee523a2206206994597c13d831ec7","","0","0","0","0.000075695360282949","0.178091801505117","4010.54","","","Transfer"
"0xd0b4c48ea45f3db1e3975b8efc13792fa00f38a9dad732e2a4b054fd73ad304a","23097922","1754675195","2025-08-08 17:46:35","0xde83cf15d27eb4795d4e1d33852bf14caebd2b47","0xdac17f958d2ee523a2206206994597c13d831ec7","","0","0","0","0.000127820463467062","0.300728823047769","4010.54","","","Transfer"
"0xe2f469c2b56ad64a7277fdd8c885172ded3137f29e4cc0cec7853f7c1e19fc3a","23097951","1754675555","2025-08-08 17:52:35","0xde83cf15d27eb4795d4e1d33852bf14caebd2b47","0xb933e4ed0014db9894773748aeea186a98182630","","0","0.002486224748831949","5.84945025442767","0.000052005763719","0.122356246337234","4010.54","","","Transfer"
"0x3ab705fc54dbb10193168abfe23adcf7d1429967dfeca904d0b2cd1c37fbaf19","23098046","1754676707","2025-08-08 18:11:47","0xde83cf15d27eb4795d4e1d33852bf14caebd2b47","0xdac17f958d2ee523a2206206994597c13d831ec7","","0","0","0","0.000139720464891812","0.328726479492303","4010.54","","","Transfer"
"0x634a596d2a303522b8fb07af248b845342ede41a34376eed0d7e9de667b24b34","23098487","1754682023","2025-08-08 19:40:23","0xae875d473ca7b68edfa2dbb0eff10444d600ffa5","0xde83cf15d27eb4795d4e1d33852bf14caebd2b47","","0.338698348270693","0","796.870492258201","0.000014949515805","0.0351723829755177","4010.54","","","Transfer"
"0x6b6f71e320a21732b0410e6d147302d251f615d05553bddb02f1da281dd53398","23098602","1754683427","2025-08-08 20:03:47","0xde83cf15d27eb4795d4e1d33852bf14caebd2b47","0xdac17f958d2ee523a2206206994597c13d831ec7","","0","0","0","0.000053440415586192","0.12573161484867","4010.54","","","Transfer"
"0xbee217a47cdbef4565570c4afbe3e06f6c8e0aaa40bfbf2622794e9485d65a71","23116841","1754903651","2025-08-11 09:14:11","0xde83cf15d27eb4795d4e1d33852bf14caebd2b47","0xdac17f958d2ee523a2206206994597c13d831ec7","","0","0","0","0.00002743306412644","0.0645429758550688","4224.95","","","Transfer"
"0x0a69cb5554b9fff2f71f5b9694415f2f24625ca3975f6376c3ce50797811a71b","23116847","1754903723","2025-08-11 09:15:23","0xde83cf15d27eb4795d4e1d33852bf14caebd2b47","0xdac17f958d2ee523a2206206994597c13d831ec7","","0","0","0","0.000026574456218555","0.0625228912880597","4224.95","","","Transfer"
"0x21be1296efcf2a9f21e211288c744c973b85cf7e4c56e1df64223f05ee037758","23116848","1754903735","2025-08-11 09:15:35","0xde83cf15d27eb4795d4e1d33852bf14caebd2b47","0xdac17f958d2ee523a2206206994597c13d831ec7","","0","0","0","0.000024798902650459","0.0583454683597711","4224.95","","","Transfer"
"0x674339e4aa381cdba00f2aa1a1fe6e2b133267f31661264fa587e4d39c0612db","23116854","1754903807","2025-08-11 09:16:47","0xde83cf15d27eb4795d4e1d33852bf14caebd2b47","0xdac17f958d2ee523a2206206994597c13d831ec7","","0","0","0","0.000025189833242168","0.0592652279471576","4224.95","","","Transfer"
"0x4afca31188a3eca3083811d3c251a5417a7ddad430762f2b74e5000cef3ae802","23116860","1754903879","2025-08-11 09:17:59","0xde83cf15d27eb4795d4e1d33852bf14caebd2b47","0xdac17f958d2ee523a2206206994597c13d831ec7","","0","0","0","0.000022782328809198","0.0536009864401948","4224.95","","","Transfer"
"0x0830b134becc6c49b698919b5117abf72cbee916392334a4967a10d51b6446e9","23117979","1754917367","2025-08-11 13:02:47","0xde83cf15d27eb4795d4e1d33852bf14caebd2b47","0x055f0ea280f301d52e23343bfcac220fc3500150","","0","0.002392119663684195","5.62804508399041","0.000025192065423","0.0592704796971218","4224.95","","","Transfer"
"0x6fee418c6fcf330aebdfbb7d4d6bae246e402b0aa1e1e4f1c989a0067d366d69","23118044","1754918159","2025-08-11 13:15:59","0x9449f1b024ada02aaed77bea231421f7c13a5f96","0xde83cf15d27eb4795d4e1d33852bf14caebd2b47","","0.47881139858415467","0","1126.52062472903","0.000023298786189","0.0548160784197526","4224.95","","","Transfer"
"0x9b295a5cf52ae3b0f2662abf599cdd4629936e2362a6b290bf0a286313fe43c8","23118276","1754920967","2025-08-11 14:02:47","0xde83cf15d27eb4795d4e1d33852bf14caebd2b47","0xae18b543111ef1e6d788dea568a8f2eb6946d788","","0","0.004672917009121179","10.9941772564065","0.000053814894084","0.126612666871546","4224.95","","","Transfer"
"0xeb6e3a3584c0b26384c3403905f85d1f1c5be2b41ba5e6bac5f301009855ad4f","23118421","1754922707","2025-08-11 14:31:47","0x9449f1b024ada02aaed77bea231421f7c13a5f96","0xde83cf15d27eb4795d4e1d33852bf14caebd2b47","","0.05146632231018285","0","121.087078822295","0.000025402963089","0.0597666679064225","4224.95","","","Transfer"
"0x45620785bd22af45a5b52b671aea50935ab62b65835b67890a63ee63343e33dd","23118496","1754923619","2025-08-11 14:46:59","0xf31d1e5ab6a3d4e9f5eea90ba1cda9798fb04b89","0xde83cf15d27eb4795d4e1d33852bf14caebd2b47","","0.1629411340237382","0","383.358768478059","0.000029339655366","0.0690286968730795","4224.95","","","Transfer"
"0xe0e22102ebf28bbd55b990a01a2d24486fb67407ed08d3650b8965365df56ac5","23118617","1754925083","2025-08-11 15:11:23","0xde83cf15d27eb4795d4e1d33852bf14caebd2b47","0xfdc5623e3f0cb51d0264fd157732734c7b39f7b3","","0","0.004681367298965483","11.0140586247756","0.000041466368496","0.0975597479122004","4224.95","","","Transfer"
"0x62ef45ebac86a462e46de579d6dcf74ff1494ff9195647f3abb13eaaf50664cd","23118731","1754926451","2025-08-11 15:34:11","0xde83cf15d27eb4795d4e1d33852bf14caebd2b47","0xdac17f958d2ee523a2206206994597c13d831ec7","","0","0","0","0.000123381131307508","0.290284211134711","4224.95","","","Transfer"
"0xab1bc1797dfcd262439ef7f48e46fb5ee0c5059f8f3dbe48d835a3594651a1bf","23119090","1754930759","2025-08-11 16:45:59","0xdc61b24ffa930dea7a9c854644ab74ee933de3de","0xde83cf15d27eb4795d4e1d33852bf14caebd2b47","","0.207215711555729514","0","487.525513230663","0.000029961527946","0.070491803827916","4224.95","","","Transfer"
"0xc9e53eaa08d09bdddd298e60b7f44feae49e5a347e4ab5a29ceb05a44f4d4722","23119163","1754931635","2025-08-11 17:00:35","0x9449f1b024ada02aaed77bea231421f7c13a5f96","0xde83cf15d27eb4795d4e1d33852bf14caebd2b47","","0.0416184008823101","0","97.9174411904129","0.000030474841782","0.071699499853789","4224.95","","","Transfer"
"0xf4104e99f741792ac44a89e25e9edfcddd5f297d5d4314a6890ea3e4ec139147","23119361","1754934035","2025-08-11 17:40:35","0x32a50e5f6584ffd96b9bb506f2f90945184177be","0xde83cf15d27eb4795d4e1d33852bf14caebd2b47","","0.48521434656588","0","1141.58512190226","0.00002184104223","0.0513863801288523","4224.95","","","Transfer"
"0xde1afb84fed99c232d764fbf8b8c464a07bd065813139e96ca312eda8d46c33d","23119460","1754935247","2025-08-11 18:00:47","0x750b525663f495d154c35cbcfee46fef46e21cba","0xde83cf15d27eb4795d4e1d33852bf14caebd2b47","","2.08391950848356217","0","4902.92903118788","0.000017421955572","0.0409894006972381","4224.95","","","Transfer"
"0x6a3ca673519b88081075cc8e39274add87f979f3eff0b68f5c9b7c50700c6b75","23120080","1754942723","2025-08-11 20:05:23","0xf31d1e5ab6a3d4e9f5eea90ba1cda9798fb04b89","0xde83cf15d27eb4795d4e1d33852bf14caebd2b47","","0.7925066963288362","0","1864.56534094685","0.000016645470324","0.0391625297220349","4224.95","","","Transfer"
"0xd8fee6bb60fa8e80f65ffa78d97b760e62dc3bff4e03efe47b44b4fa3502f2d8","23120107","1754943059","2025-08-11 20:10:59","0xa7b01856ef7b838dd9798f846bbc2f9a8716f74d","0xde83cf15d27eb4795d4e1d33852bf14caebd2b47","","0.052040821621736","0","122.438728606054","0.000018504324279","0.0435359371322568","4224.95","","","Transfer"
"0x7649b8d6c03feddc9882ddcd17b7741a20c46c6e1486ae9c17852399287ae6fa","23120235","1754944595","2025-08-11 20:36:35","0x301eeb08818702027fb32ce5db0af51f22c5ec49","0xde83cf15d27eb4795d4e1d33852bf14caebd2b47","","0.07788213227628272","0","183.236716098535","0.000023680096902","0.0557132048956361","4224.95","","","Transfer"
"0xd285a0ec9adc4add788e3005573a938ec565600f6c69e4354030add81e8f35ed","23120275","1754945087","2025-08-11 20:44:47","0x0f776cc057622f0da2f257d2b987a7cf3386b7cc","0xde83cf15d27eb4795d4e1d33852bf14caebd2b47","","0.3476772","0","817.995431408267","0.000020484414111","0.0481945815195044","4224.95","","","Transfer"
"0xdebf21ce6ac89a31569a1db5d489ddb89e13fc25657cab4286902a39f33ce076","23123367","1754982407","2025-08-12 07:06:47","0xde83cf15d27eb4795d4e1d33852bf14caebd2b47","0xdac17f958d2ee523a2206206994597c13d831ec7","","0","0","0","0.000021270489718541","0.0500440161551665","4589.80","","","Transfer"
"0x4adb40ac4934096c895cddfd76fef5f66bbc6cefba761d30f2368e3209328e88","23123756","1754987111","2025-08-12 08:25:11","0xde83cf15d27eb4795d4e1d33852bf14caebd2b47","0xdac17f958d2ee523a2206206994597c13d831ec7","","0","0","0","0.000034206886827085","0.0804800462821696","4589.80","","","Transfer"
"0x751ed0ea057c4cb58997594a48dec98f5d3c984aa0e4feb90cd6368178d430f1","23125335","1755006179","2025-08-12 13:42:59","0xd0eae6369e0583b2c6e7450f12f7f770c277332a","0xde83cf15d27eb4795d4e1d33852bf14caebd2b47","","0.3396531462070933","0","799.116887333556","0.000056152310592","0.132112009436552","4589.80","","","Transfer"
"0xe45b1a05a185cb8cd1186243e2f700e9cd372280e431758208d29f0a59a11b07","23125339","1755006227","2025-08-12 13:43:47","0xd0eae6369e0583b2c6e7450f12f7f770c277332a","0xde83cf15d27eb4795d4e1d33852bf14caebd2b47","","0.3435025485307737","0","808.173545390003","0.00005891605902","0.138614401850164","4589.80","","","Transfer"
"0x71313a6138ed414060ae4131a974dd38f4e8cdeae58bfaa698e7409287f8abcb","23125359","1755006467","2025-08-12 13:47:47","0xee8ea899d03f59ff73da267f6a001fb034fc230e","0xde83cf15d27eb4795d4e1d33852bf14caebd2b47","","0.400863322452304","0","943.128759622787","0.000056102000262","0.131993642111652","4589.80","","","Transfer"
"0xb3bbebf16512773f056ed998749434ee780185404e8154525b9c61b7b9b4e238","23125743","1755011099","2025-08-12 15:04:59","0xde83cf15d27eb4795d4e1d33852bf14caebd2b47","0x05402bdeccb9e074a72237e06041f46e8a26631b","","0","0.00349824451423772","8.23047364220457","0.000058071680583","0.136627795584796","4589.80","","","Transfer"
"0x9b2c5ae2677d6dba5bae1a2e5718e3a16e539c690083b9abcd2c7cb8a7995ff1","23126174","1755016307","2025-08-12 16:31:47","0xf31d1e5ab6a3d4e9f5eea90ba1cda9798fb04b89","0xde83cf15d27eb4795d4e1d33852bf14caebd2b47","","1.0090862611784333","0","2374.12160343217","0.000075744120522","0.178206521862904","4589.80","","","Transfer"
"0xeebc8d661f08c212b9f52af916063dc02a81e6c482975cbc3a6fc6b5e098149e","23126259","1755017327","2025-08-12 16:48:47","0xde83cf15d27eb4795d4e1d33852bf14caebd2b47","0x87ea898990df3eb98fd0dcd77655716608e68179","","0","0.00539452241930688","12.6919300248118","0.000067751159196","0.159401130401827","4589.80","","","Transfer"
"0x441fecc1777e49ab94c43d66636f7d497ebd7c149ec576b81fcb74f671af1664","23126263","1755017375","2025-08-12 16:49:35","0xde83cf15d27eb4795d4e1d33852bf14caebd2b47","0x0464868b6abbf0e6544e833be07513a4ff18b5e3","","0","0.002246991405497509","5.286595451501","0.000066500713734","0.156459152397111","4589.80","","","Transfer"
"0x150280720cb81fe3565e5ca8b6c0cab4898ae49189483e8f1ab4fab183125ed1","23126268","1755017435","2025-08-12 16:50:35","0xff01a617627f2575a6fbdc3a989bf705b190820d","0xde83cf15d27eb4795d4e1d33852bf14caebd2b47","","0.06967716993812217","0","163.932540537146","0.000058325295252","0.137224485964781","4589.80","","","Transfer"
"0x1a01c14a0caea35e55ce999f1fc2798a2d367484f222b19d80fed196359204f3","23126277","1755017543","2025-08-12 16:52:23","0xf31d1e5ab6a3d4e9f5eea90ba1cda9798fb04b89","0xde83cf15d27eb4795d4e1d33852bf14caebd2b47","","0.1629546716294793","0","383.390618998164","0.000056433809838","0.132774305086577","4589.80","","","Transfer"
"0x1b90c9fbe3cdeb0cad17785ca2108a99e2f00bab1f5e54e607768078d529a69b","23126334","1755018227","2025-08-12 17:03:47","0x750b525663f495d154c35cbcfee46fef46e21cba","0xde83cf15d27eb4795d4e1d33852bf14caebd2b47","","1.00466565279193","0","2363.72104376302","0.000056944687968","0.133976270519877","4589.80","","","Transfer"
"0xd3324497069bbd4b0d2c50bdac3ac29963e2ae3a97122bf23ca0f589650db401","23126456","1755019703","2025-08-12 17:28:23","0x0f776cc057622f0da2f257d2b987a7cf3386b7cc","0xde83cf15d27eb4795d4e1d33852bf14caebd2b47","","0.49330781","0","1160.62696909092","0.000051270411549","0.120626150962743","4589.80","","","Transfer"
"0x323380b3f9ab925beef1a1b9257c4533ff381a977c5e1383c73f647a2defe9fd","23126468","1755019847","2025-08-12 17:30:47","0xee8ea899d03f59ff73da267f6a001fb034fc230e","0xde83cf15d27eb4795d4e1d33852bf14caebd2b47","","0.2760676733444295","0","649.5165502807","0.000056149721649","0.132105918316553","4589.80","","","Transfer"
"0x41c37c6e64da040bf9bca8435f6e1f48a8689cf6d7183e36f3a2c93e5145bb98","23126552","1755020867","2025-08-12 17:47:47","0x0f776cc057622f0da2f257d2b987a7cf3386b7cc","0xde83cf15d27eb4795d4e1d33852bf14caebd2b47","","0.03843312","0","90.4232908420963","0.000048776178381","0.114757858948509","4589.80","","","Transfer"
"0x26850a162e21617db373df1cbe037969a3787b7e7a89c7384a2b202ea40dd81c","23126819","1755024071","2025-08-12 18:41:11","0xde83cf15d27eb4795d4e1d33852bf14caebd2b47","0xa3d30fd9ede8611e8b3429fec36cdcace4c10abc","","0","0.002220499969352262","5.22426788518875","0.000086980547136","0.204642956681196","4589.80","","","Transfer"
"0x81cc37f5342cb454aeae632a8ff73e312d642cb4436e5d8517e7cbced48fd97a","23127100","1755027467","2025-08-12 19:37:47","0x31c62ddb278fcbb0d188a39a13305f750afb3dc5","0xde83cf15d27eb4795d4e1d33852bf14caebd2b47","","0.568517012873455","0","1337.57496668853","0.000037803110835","0.0889410405860676","4589.80","","","Transfer"
"0x5d0cd3e379319f09d3cce9f3a7d9a0d1e1aca25c687eb65501a9b29280223b40","23127135","1755027887","2025-08-12 19:44:47","0x301eeb08818702027fb32ce5db0af51f22c5ec49","0xde83cf15d27eb4795d4e1d33852bf14caebd2b47","","0.2760934251724115","0","649.577137738375","0.000046079365563","0.108412948886857","4589.80","","","Transfer"
"0x00180edadda5a103aa1f3345594537cbdd1e3608c4e2ed2d217c73a52ed2eec0","23130258","1755065567","2025-08-13 06:12:47","0xde83cf15d27eb4795d4e1d33852bf14caebd2b47","0xdac17f958d2ee523a2206206994597c13d831ec7","","0","0","0","0.000039466365018566","0.0928542518159891","4751.85","","","Transfer"
"0xe8a817b6def2da9d0c2cf0b44146841f2b1e41af0714b673a39c73e63c34f468","23130261","1755065603","2025-08-13 06:13:23","0xde83cf15d27eb4795d4e1d33852bf14caebd2b47","0xdac17f958d2ee523a2206206994597c13d831ec7","","0","0","0","0.000041134726728795","0.096779479748404","4751.85","","","Transfer"
"0xe4d11f62df2ab55b622934646c6789d7fd104016e9d147190b361a291b626ced","23130263","1755065627","2025-08-13 06:13:47","0xde83cf15d27eb4795d4e1d33852bf14caebd2b47","0xdac17f958d2ee523a2206206994597c13d831ec7","","0","0","0","0.000037395617107562","0.0879823121811799","4751.85","","","Transfer"
"0xc5dbc16587e1856f07a07c741af1d99c5a9082b7c131c174188368bae15ffa45","23130269","1755065699","2025-08-13 06:14:59","0xde83cf15d27eb4795d4e1d33852bf14caebd2b47","0xdac17f958d2ee523a2206206994597c13d831ec7","","0","0","0","0.000035269182072432","0.0829793550015811","4751.85","","","Transfer"
"0x9a21d97c62ae9cef27997f0a276d49c2e71f5e9dc05236f21a354d1f37c7d6e4","23130936","1755073715","2025-08-13 08:28:35","0xde83cf15d27eb4795d4e1d33852bf14caebd2b47","0xdac17f958d2ee523a2206206994597c13d831ec7","","0","0","0","0.000068442381713742","0.161027400003629","4751.85","","","Transfer"
"0x1d20637739fffa6708c49fcacfbb75b9e53ffad052727b0fbafe29cc4aa2b79f","23131493","1755080423","2025-08-13 10:20:23","0xde83cf15d27eb4795d4e1d33852bf14caebd2b47","0xdac17f958d2ee523a2206206994597c13d831ec7","","0","0","0","0.000119774153300774","0.281797915425074","4751.85","","","Transfer"
"0xe26cae7253301667513a1806d6253546f8a0fe861af7b94b1553df00c06f7188","23131634","1755082127","2025-08-13 10:48:47","0xe4fb435c1eb5ca72d348e432331384677b66d294","0xde83cf15d27eb4795d4e1d33852bf14caebd2b47","","0.670842336652147","0","1578.3202538927","0.000041093485104","0.0966824487648763","4751.85","","","Transfer"
"0x9d60c5dd931237a8a698f762b92697deea82db4b148a9b7b49b52cceaecdb817","23131835","1755084551","2025-08-13 11:29:11","0xde83cf15d27eb4795d4e1d33852bf14caebd2b47","0x0f74dcf40bb71aab7bcd1cdc1382358193074901","","0","0.00426938063689938","10.0447594950909","0.000032294778222","0.0759813443157595","4751.85","","","Transfer"
"0x1f66a356f13447a42300e435d5a139de94835c3f9a19e089e3742c70b65f4558","23131843","1755084647","2025-08-13 11:30:47","0xde83cf15d27eb4795d4e1d33852bf14caebd2b47","0xdac17f958d2ee523a2206206994597c13d831ec7","","0","0","0","0.000083702287635505","0.196930051450782","4751.85","","","Transfer"
"0xcf26cf4868a0efbc37e8292c0ed1d5724af1eea727914a43b8d74db09ee288ff","23132051","1755087167","2025-08-13 12:12:47","0xde83cf15d27eb4795d4e1d33852bf14caebd2b47","0xdac17f958d2ee523a2206206994597c13d831ec7","","0","0","0","0.000100711393166215","0.236948121708083","4751.85","","","Transfer"
"0xb14f7525837fd0a16374a6223647cc253b6bd44993888fbeb9a64060160f570b","23132191","1755088859","2025-08-13 12:40:59","0xde83cf15d27eb4795d4e1d33852bf14caebd2b47","0x0f74dcf40bb71aab7bcd1cdc1382358193074901","","0","0.004269681305861677","10.0454668921751","0.000057963523737","0.136373330218923","4751.85","","","Transfer"
"0x04b3f6f48c57f8eb53f072a5d65b0874701c0f88bcf9591f95355fe981412286","23132202","1755088991","2025-08-13 12:43:11","0xd0eae6369e0583b2c6e7450f12f7f770c277332a","0xde83cf15d27eb4795d4e1d33852bf14caebd2b47","","0.3512964714424399","0","826.510650424475","0.000051363809154","0.120845891613537","4751.85","","","Transfer"
"0x7b2cbb7e40d9bcc33ff5e27d037e33ca4ca311769b93263d6b4a031ce00dfc84","23132230","1755089327","2025-08-13 12:48:47","0x9449f1b024ada02aaed77bea231421f7c13a5f96","0xde83cf15d27eb4795d4e1d33852bf14caebd2b47","","0.059002330166562543","0","138.817375768933","0.000048160098","0.11330837955487","4751.85","","","Transfer"
"0xd5c001f4c7d8259065c168d367be70eb3163756c1c2dfd3fa589a51c63436a66","23132232","1755089351","2025-08-13 12:49:11","0xde83cf15d27eb4795d4e1d33852bf14caebd2b47","0x79f2e037c7dba08a1533c1bfa128c9351be44665","","0","0.004241581337533522","9.97935486148929","0.000055054901181","0.129530086076083","4751.85","","","Transfer"
"0xbcffb6c87326b0fd7f6d28a35ffeea77748441f2e426cb6885c32c4aac112813","23132370","1755091019","2025-08-13 13:16:59","0xf31d1e5ab6a3d4e9f5eea90ba1cda9798fb04b89","0xde83cf15d27eb4795d4e1d33852bf14caebd2b47","","0.34086938737249356","0","801.978391386132","0.000046103402478","0.108469501593376","4751.85","","","Transfer"
"0x26b43bfa05fc7613fbb7095133084a8ed3aafeaf341b8b183bbf0994d540e6e8","23133008","1755098711","2025-08-13 15:25:11","0xde83cf15d27eb4795d4e1d33852bf14caebd2b47","0xdac17f958d2ee523a2206206994597c13d831ec7","","0","0","0","0.000415465072357303","0.977482938478505","4751.85","","","Transfer"
"0xf32efcbda5ecab1d8d9bef0e0c6966a78413d72b6372e551f238cd640e285815","23133117","1755100019","2025-08-13 15:46:59","0x9449f1b024ada02aaed77bea231421f7c13a5f96","0xde83cf15d27eb4795d4e1d33852bf14caebd2b47","","0.9635062857929042","0","2266.88359176772","0.000086145456012","0.202678201085368","4751.85","","","Transfer"
"0x5829ad42cab7c1956633448915da0d1c654712e973930acd775a357281cd648c","23133121","1755100067","2025-08-13 15:47:47","0x9449f1b024ada02aaed77bea231421f7c13a5f96","0xde83cf15d27eb4795d4e1d33852bf14caebd2b47","","0.1070454146562568","0","251.850452494502","0.000080574708312","0.189571658096273","4751.85","","","Transfer"
"0xce456851d468c2c1a57fe7b6b693d9144d60a471f63818bebe96b4f013f9e0ae","23133254","1755101675","2025-08-13 16:14:35","0x0f776cc057622f0da2f257d2b987a7cf3386b7cc","0xde83cf15d27eb4795d4e1d33852bf14caebd2b47","","0.47700799","0","1122.27766608003","0.000054295652985","0.127743769470816","4751.85","","","Transfer"
"0x079ef13c705f4d79f6e7b96cc2e0297c208004b6ddc5332db431290ef3b70430","23133374","1755103115","2025-08-13 16:38:35","0xde83cf15d27eb4795d4e1d33852bf14caebd2b47","0x332203e6a479bd3462fa0141bf7644f7d1476bc5","","0","0.002141346993474698","5.03804119948656","0.000076392609174","0.179732249620307","4751.85","","","Transfer"
"0xe9b7bf649bda0a1a570ea8db19482a3ecc8d1330f1ccfc7fd04053c4b8206f32","23133387","1755103271","2025-08-13 16:41:11","0xde83cf15d27eb4795d4e1d33852bf14caebd2b47","0xdac17f958d2ee523a2206206994597c13d831ec7","","0","0","0","0.000245312922782653","0.577158496736683","4751.85","","","Transfer"
"0x6a52e7ec9708101e6cceee649f5321c679c2c517d22e12ba05fa9eba5f4afa58","23133457","1755104111","2025-08-13 16:55:11","0xff01a617627f2575a6fbdc3a989bf705b190820d","0xde83cf15d27eb4795d4e1d33852bf14caebd2b47","","0.08079090039332412","0","190.080302709236","0.000065233076496","0.153476726545295","4751.85","","","Transfer"
"0x11c64521853be979662d3a86a8d62c30f8ff8f7a8b7588de2875c416f117de36","23133647","1755106391","2025-08-13 17:33:11","0xe4fb435c1eb5ca72d348e432331384677b66d294","0xde83cf15d27eb4795d4e1d33852bf14caebd2b47","","0.334024695707935","0","785.87458443242","0.000070244703501","0.1652678016978","4751.85","","","Transfer"
"0xe7c3c1cbe4513b1cbb697c695dbc4d2877f8caf2822f53414a303f76223bfb4e","23134129","1755112187","2025-08-13 19:09:47","0xcda4f814f8a0eeb6dd11ce0ef68aa4f0f0383bcb","0xde83cf15d27eb4795d4e1d33852bf14caebd2b47","","0.295729883444292","0","695.776696281292","0.000032328808659","0.0760614092207772","4751.85","","","Transfer"
"0x40810f7ee62471cfb14e822da28fab7e9699837fd8e52c12c2d14465c758de6e","23134244","1755113579","2025-08-13 19:32:59","0xf31d1e5ab6a3d4e9f5eea90ba1cda9798fb04b89","0xde83cf15d27eb4795d4e1d33852bf14caebd2b47","","0.07870277569708926","0","185.167479947976","0.000048908979252","0.115070305395285","4751.85","","","Transfer"
"0x39c06a9ebf7afa9cdce5cef72b8ce3b1ee5a56475249bafa72baad5c9798aaec","23138001","1755158951","2025-08-14 08:09:11","0xde83cf15d27eb4795d4e1d33852bf14caebd2b47","0xdac17f958d2ee523a2206206994597c13d831ec7","","0","0","0","0.000061760206729809","0.145305953188227","4550.57","","","Transfer"
"0x33006a497427bae9d5fefce50d0c75a444d31133ee70483e7ef527f26d1f547d","23138006","1755159011","2025-08-14 08:10:11","0xde83cf15d27eb4795d4e1d33852bf14caebd2b47","0xdac17f958d2ee523a2206206994597c13d831ec7","","0","0","0","0.000063531904663325","0.149474304795556","4550.57","","","Transfer"
"0x61e8e35726c686eb47c303710aa48916fb2b451c628784569e639e74f28e99f0","23138012","1755159083","2025-08-14 08:11:23","0xde83cf15d27eb4795d4e1d33852bf14caebd2b47","0xdac17f958d2ee523a2206206994597c13d831ec7","","0","0","0","0.000060101758863335","0.141404049991801","4550.57","","","Transfer"
"0xe01917622953a8ec186902690e7026be50656b52417e564da5bdf9b2420b5ad4","23138018","1755159155","2025-08-14 08:12:35","0xde83cf15d27eb4795d4e1d33852bf14caebd2b47","0xdac17f958d2ee523a2206206994597c13d831ec7","","0","0","0","0.000053060175620501","0.124837007567048","4550.57","","","Transfer"
"0x03e9ddfb11c321df131cb94ad8a5f69b465f0e3f412c6c0c7031772060654ab8","23138309","1755162671","2025-08-14 09:11:11","0xde83cf15d27eb4795d4e1d33852bf14caebd2b47","0xdac17f958d2ee523a2206206994597c13d831ec7","","0","0","0","0.000082300983667861","0.193633142008497","4550.57","","","Transfer"
"0x9f888a838b3680f1ca1634b330c6da0e3339c787e67fe623901ee6c35da4b575","23138311","1755162695","2025-08-14 09:11:35","0xde83cf15d27eb4795d4e1d33852bf14caebd2b47","0xdac17f958d2ee523a2206206994597c13d831ec7","","0","0","0","0.000080834072943937","0.190181876666813","4550.57","","","Transfer"
"0xe771c6549ed23bfda8a3992b782aa5c5f9c001bbe1fe34817cbb03e7ad5815e8","23138830","1755168983","2025-08-14 10:56:23","0xde83cf15d27eb4795d4e1d33852bf14caebd2b47","0xdac17f958d2ee523a2206206994597c13d831ec7","","0","0","0","0.000088616287229809","0.208491434302699","4550.57","","","Transfer"
"0xb1b4fe7b5c1eb3df32c137116668803241ec608bda7b7ebe16994d56a7c0f259","23138842","1755169127","2025-08-14 10:58:47","0xde83cf15d27eb4795d4e1d33852bf14caebd2b47","0xdac17f958d2ee523a2206206994597c13d831ec7","","0","0","0","0.000076058761266171","0.178946790972488","4550.57","","","Transfer"
"0xcadb8ad26b7c15bc5eef937994d2f252c706d58ec456c96be9f7a3c0ab6991ee","23138846","1755169175","2025-08-14 10:59:35","0xde83cf15d27eb4795d4e1d33852bf14caebd2b47","0xdac17f958d2ee523a2206206994597c13d831ec7","","0","0","0","0.000085509828221283","0.201182731641635","4550.57","","","Transfer"
"0xd7fcfee91b531f98a5f651f818393796c5ee4ad997b0b8de01d7dc6c3cde3f93","23138851","1755169235","2025-08-14 11:00:35","0xde83cf15d27eb4795d4e1d33852bf14caebd2b47","0xdac17f958d2ee523a2206206994597c13d831ec7","","0","0","0","0.0000747790281991","0.175935906731916","4550.57","","","Transfer"
"0x59f5aac721e02448be93e85f09c5ec7c6f2894ef44d838bcebdaa8646bd03baf","23138866","1755169415","2025-08-14 11:03:35","0xde83cf15d27eb4795d4e1d33852bf14caebd2b47","0xdac17f958d2ee523a2206206994597c13d831ec7","","0","0","0","0.000068417196533304","0.160968145722539","4550.57","","","Transfer"
"0xdfcc6d3cc65671ee7833034e0fdfa5f13c02939bc5a8d5504e01924ada0517c1","23139047","1755171635","2025-08-14 11:40:35","0xde83cf15d27eb4795d4e1d33852bf14caebd2b47","0xdac17f958d2ee523a2206206994597c13d831ec7","","0","0","0","0.000113980281289972","0.268166418062002","4550.57","","","Transfer"
"0x1ecc2d4e94baaf362bf498568e617a5ea7d8a855bc4586f369e2054a756e81be","23139306","1755174743","2025-08-14 12:32:23","0xde83cf15d27eb4795d4e1d33852bf14caebd2b47","0xea3fc0aca9aea78ef4cc0a2a6f3983f253527291","","0","0.002126334749001379","5.00272123201571","0.000045861465615","0.107900286100893","4550.57","","","Transfer"
"0x3115620d65ece396d92d140199452c0116a02c33d9b1309b57fb364f63098570","23139608","1755178427","2025-08-14 13:33:47","0xfabca6100bd66ffd9653f244de566c849a717719","0xde83cf15d27eb4795d4e1d33852bf14caebd2b47","","0.330091317768788","0","776.620353254119","0.000181590367896","0.427235640780225","4550.57","","","Transfer"
"0xcbff0106384c2dacc55d0edf7f0fd59255af9a345f074f50cc5802f01e2e6ca9","23139939","1755182447","2025-08-14 14:40:47","0xde83cf15d27eb4795d4e1d33852bf14caebd2b47","0xf1169728662cb60c2ec08a2f7e08e859ec735aa0","","0","0.021263347490013791","50.0272123201571","0.000136791947145","0.3218364270595","4550.57","","","Transfer"
"0x068208a0d310acf748159047d9ab0256d11fb7299d968d30f9aaf899d9f1cff3","23140110","1755184511","2025-08-14 15:15:11","0x4f7916679991b1ae38c3c5bd0e6ea7e60fb3d003","0xde83cf15d27eb4795d4e1d33852bf14caebd2b47","","0.193831936247608","0","456.036916747954","0.000067081112721","0.157824682606628","4550.57","","","Transfer"
"0xd23cbc666a7847f72cfec0787070798f4080c25bcc29b4af3e08cb41e3db7933","23140113","1755184547","2025-08-14 15:15:47","0xcda4f814f8a0eeb6dd11ce0ef68aa4f0f0383bcb","0xde83cf15d27eb4795d4e1d33852bf14caebd2b47","","1.881967086828301","0","4427.78669146632","0.000068091146592","0.160201033693341","4550.57","","","Transfer"
"0x28ebe8e81548573650cf2b75608c08055545b6da5a8e9a1f1bfd840c46d78960","23140350","1755187427","2025-08-14 16:03:47","0x0f776cc057622f0da2f257d2b987a7cf3386b7cc","0xde83cf15d27eb4795d4e1d33852bf14caebd2b47","","0.79853414","0","1878.74637262245","0.000044507812797","0.104715487612994","4550.57","","","Transfer"
"0xec8493b28087945cd78c2f7be9ce56ec92b6ce65b88d44d11297aa0c258a7176","23140375","1755187739","2025-08-14 16:08:59","0xcda4f814f8a0eeb6dd11ce0ef68aa4f0f0383bcb","0xde83cf15d27eb4795d4e1d33852bf14caebd2b47","","1.303924789544095","0","3067.80116943836","0.000047577317949","0.111937247311416","4550.57","","","Transfer"
"0x596eaa86a92a51ab4080e4017790e6105a6a7edcf44527cda8ce9a4830001cdb","23140506","1755189323","2025-08-14 16:35:23","0xde83cf15d27eb4795d4e1d33852bf14caebd2b47","0xdac17f958d2ee523a2206206994597c13d831ec7","","0","0","0","0.000173890422937164","0.409119641806398","4550.57","","","Transfer"
"0xbd340e9b33988560e784b0a1f98f401db748fa6b87854f05617842c93ddafe16","23140559","1755189959","2025-08-14 16:45:59","0xf31d1e5ab6a3d4e9f5eea90ba1cda9798fb04b89","0xde83cf15d27eb4795d4e1d33852bf14caebd2b47","","0.8231572801127396","0","1936.67831673367","0.000044575302156","0.104874272794567","4550.57","","","Transfer"
"0xc5c07ab3e8874830d68b8fa5683b8d96104e68b841450287334c30b524f4289c","23140565","1755190031","2025-08-14 16:47:11","0xde83cf15d27eb4795d4e1d33852bf14caebd2b47","0x05402bdeccb9e074a72237e06041f46e8a26631b","","0","0.003302075015629378","7.76893703973747","0.0000595769475","0.140169303227966","4550.57","","","Transfer"
"0x06cd657ca98e4c233569d01a9dbf9a4242f8817610f60dc2661d99e77b51f6f7","23140591","1755190355","2025-08-14 16:52:35","0xde83cf15d27eb4795d4e1d33852bf14caebd2b47","0x5a5e4363478ebe309a463f16b1b3c8ede763d99d","","0","0.00440618861010926","10.3666336273777","0.000072866217522","0.171435552969815","4550.57","","","Transfer"
"0x13f6b6e7fcc9e2613813992dbd5a5bd729dcb2ea8281a93a1b372f804054c17c","23140635","1755190883","2025-08-14 17:01:23","0xde83cf15d27eb4795d4e1d33852bf14caebd2b47","0x05402bdeccb9e074a72237e06041f46e8a26631b","","0","0.003296285840434291","7.75531659277919","0.000064093144059","0.150794757392357","4550.57","","","Transfer"
"0xedebcbe6be1a0212f78cc974ef8948a498f7a48a8b61413eba6920ba6e080840","23140830","1755193223","2025-08-14 17:40:23","0x4b4604070df934d033b1ce5376967b7ef701b8a6","0xde83cf15d27eb4795d4e1d33852bf14caebd2b47","","0.475633058848542408","0","1119.04280512167","0.000028625305674","0.0673480149517919","4550.57","","","Transfer"
"0xa60469dd4b9a706b54a5489a50c80cc2c4d70db7f409ef9292ed48b7316bce03","23140870","1755193703","2025-08-14 17:48:23","0xcda4f814f8a0eeb6dd11ce0ef68aa4f0f0383bcb","0xde83cf15d27eb4795d4e1d33852bf14caebd2b47","","1.947315366414032","0","4581.53446138485","0.000029342935944","0.0690364152331456","4550.57","","","Transfer"
"0x48b86faaa8df0cc85a94809e29cd3a8e65bae3abde40667da353208c06307f90","23140997","1755195239","2025-08-14 18:13:59","0xcda4f814f8a0eeb6dd11ce0ef68aa4f0f0383bcb","0xde83cf15d27eb4795d4e1d33852bf14caebd2b47","","0.503483062668271","0","1184.5667333207","0.000029630511603","0.0697130071271387","4550.57","","","Transfer"
"0x00615ea8094bd84fe6fa062d82b9981029ea2dc489b9fc43de07c1d8a1893d98","23141020","1755195515","2025-08-14 18:18:35","0xe4fb435c1eb5ca72d348e432331384677b66d294","0xde83cf15d27eb4795d4e1d33852bf14caebd2b47","","0.200914043073748","0","472.69930078846","0.00002665031628","0.0627013705892286","4550.57","","","Transfer"
"0x3a2b28e6780a20fd1b8b9a944d40e15c4cf4407fc93e34ad37e9222d735989d1","23145246","1755246575","2025-08-15 08:29:35","0xde83cf15d27eb4795d4e1d33852bf14caebd2b47","0xdac17f958d2ee523a2206206994597c13d831ec7","","0","0","0","0.000029745192600109","0.0699828221501098","4443.12","","","Transfer"
"0xf3fab070081cbfe44ecab23a52261822de91ae79a27f00f03a2e1ed70cc2e726","23145252","1755246647","2025-08-15 08:30:47","0xde83cf15d27eb4795d4e1d33852bf14caebd2b47","0xdac17f958d2ee523a2206206994597c13d831ec7","","0","0","0","0.000028551746621195","0.0671749493347965","4443.12","","","Transfer"
"0xb13f93d818cf7b47334e97c8b92cf9eac947f3af3d867f6825e3fa05facd749d","23145255","1755246683","2025-08-15 08:31:23","0xde83cf15d27eb4795d4e1d33852bf14caebd2b47","0xdac17f958d2ee523a2206206994597c13d831ec7","","0","0","0","0.000027650528279794","0.0650546133278126","4443.12","","","Transfer"
"0x26518ec3f5338d8a357319cfe415a1cb8aa4a66d8caeb21da884552ebb3c1619","23145260","1755246743","2025-08-15 08:32:23","0xde83cf15d27eb4795d4e1d33852bf14caebd2b47","0xdac17f958d2ee523a2206206994597c13d831ec7","","0","0","0","0.000029800468760944","0.0701128728034998","4443.12","","","Transfer"
"0x3dcec9a05400219fc824e0f9bc6463fcc89cab2547fcf565c073bf9a900750fc","23145266","1755246815","2025-08-15 08:33:35","0xde83cf15d27eb4795d4e1d33852bf14caebd2b47","0xdac17f958d2ee523a2206206994597c13d831ec7","","0","0","0","0.000039238941453313","0.0923191823970812","4443.12","","","Transfer"
"0x670e5790e48d3f66ec4520d0fd1087954eb5ef9e245181e4b356ad28dbc061e2","23145891","1755254351","2025-08-15 10:39:11","0xde83cf15d27eb4795d4e1d33852bf14caebd2b47","0xdac17f958d2ee523a2206206994597c13d831ec7","","0","0","0","0.000031417055972351","0.0739162885966664","4443.12","","","Transfer"
"0xb652a4ec588250440bb8b499b7b1630226fc37b5b35e83e315c916d1d546f69a","23146076","1755256583","2025-08-15 11:16:23","0xde83cf15d27eb4795d4e1d33852bf14caebd2b47","0x59379fef4d331bdf8f5e93b6c5f74e7796f9f795","","0","0.004307936391840094","10.1354713145487","0.000014705817357","0.0345990229245702","4443.12","","","Transfer"
"0x83273598136b54316b61ac1d1db818e6f0e803270a52eee3013ab3516fae52bf","23146231","1755258443","2025-08-15 11:47:23","0x4637ac1282a183dcc2e254543437fb6f95bf959e","0xde83cf15d27eb4795d4e1d33852bf14caebd2b47","","0.3694949","0","869.326893246535","0.000006928400682","0.0163007528386731","4443.12","","","Transfer"
"0xe755668080ca88158f31ce49ec9c2c94e8b25cdf384ed0c209c6754a2ee4114b","23146308","1755259367","2025-08-15 12:02:47","0xf31d1e5ab6a3d4e9f5eea90ba1cda9798fb04b89","0xde83cf15d27eb4795d4e1d33852bf14caebd2b47","","0.08835369059830533","0","207.873611664709","0.000012721608753","0.0299306881213879","4443.12","","","Transfer"
"0xaef08a568af275922c8bad09f855c81794543286a77c6c6e45db0d8bfe7cb8ff","23146366","1755260075","2025-08-15 12:14:35","0x4637ac1282a183dcc2e254543437fb6f95bf959e","0xde83cf15d27eb4795d4e1d33852bf14caebd2b47","","0.64068431","0","1507.36613892127","0.000010600043874","0.0249391891721953","4443.12","","","Transfer"
"0x6826eb6ccc250d48f0c7466f0b72eed186876cdf1b38193f513b861b7d40bf40","23146402","1755260507","2025-08-15 12:21:47","0xee8ea899d03f59ff73da267f6a001fb034fc230e","0xde83cf15d27eb4795d4e1d33852bf14caebd2b47","","0.300649748457482","0","707.351878962051","0.000015112249152","0.0355552528743313","4443.12","","","Transfer"
"0x576194903dac8872ae30f23c57360cdcbc25f282dbccf0e62e8e6d1af06444c9","23146747","1755264659","2025-08-15 13:30:59","0xde83cf15d27eb4795d4e1d33852bf14caebd2b47","0xdac17f958d2ee523a2206206994597c13d831ec7","","0","0","0","0.000078753661679815","0.185287201636348","4443.12","","","Transfer"
"0x96d41e877d4c2cc3f9ea067bf49bb3a5dd500348a94c1461d7541079adf587cb","23146968","1755267335","2025-08-15 14:15:35","0xb3cdf1ad7f08ba6c77c756d27e34c2e1d8a9e826","0xde83cf15d27eb4795d4e1d33852bf14caebd2b47","","1.620928453652918","0","3813.62962462811","0.000041900658576","0.0985815212736573","4443.12","","","Transfer"
"0x57465b44e543d662e5c7183bfe581455845c3e049efe5d125df5a97a668d1622","23147688","1755275975","2025-08-15 16:39:35","0xde83cf15d27eb4795d4e1d33852bf14caebd2b47","0x8662997e63766c29bd86188eaad9d2e5b957d56d","","0","0.014862380551848324","34.967376035193","0.000048872392233","0.114984225507416","4443.12","","","Transfer"
"0xd4fc96aaca13ea009308b4027c896a414d6504f3d0f8981314f128821c9ec2f2","23147978","1755279491","2025-08-15 17:38:11","0xf31d1e5ab6a3d4e9f5eea90ba1cda9798fb04b89","0xde83cf15d27eb4795d4e1d33852bf14caebd2b47","","0.2593770440038794","0","610.247772955357","0.00002288436024","0.053841040272474","4443.12","","","Transfer"
"0x18551a59e5451db468b480f2c9b617f22ba11aa4b8cbf6fdf653d466951a1356","23148409","1755284687","2025-08-15 19:04:47","0xe4fb435c1eb5ca72d348e432331384677b66d294","0xde83cf15d27eb4795d4e1d33852bf14caebd2b47","","1.288243272406955","0","3030.90657475188","0.000016596747867","0.0390478982557409","4443.12","","","Transfer"
"0xff97c62a2d48633caf988673a422d46bf43b8dc12ef2fc46065dc1b5406eca27","23148732","1755288563","2025-08-15 20:09:23","0xa7b01856ef7b838dd9798f846bbc2f9a8716f74d","0xde83cf15d27eb4795d4e1d33852bf14caebd2b47","","0.666727863379275","0","1568.63995176227","0.000012164066712","0.0286189344534568","4443.12","","","Transfer"
"0x33ec74d93df1f4a92f165e9de1411271beab4208c29fdc8b936748f55eb9931b","23148860","1755290099","2025-08-15 20:34:59","0xde83cf15d27eb4795d4e1d33852bf14caebd2b47","0xa68d54b0380c8f0d7c3f9485f8aa4e942a1c7d26","","0","0.004527630538091248","10.6523553896062","0.000012147614325","0.0285802261993585","4443.12","","","Transfer"
"0x1273094cb04cc9b785c561917e6da9d17045f6946fc8f8f7b6765167e31b19b2","23148864","1755290147","2025-08-15 20:35:47","0xa6809bcbd21ad81b34c0531708be68e602335d26","0xde83cf15d27eb4795d4e1d33852bf14caebd2b47","","0","0","0","0.000009981027021","0.0234828010118019","4443.12","","","Transfer"
"0xcf3031a28f8142e7610a224aa6ac65a60c4c67ed1f86cfe56e32c60308d4f16a","23148877","1755290303","2025-08-15 20:38:23","0xa68de76916980de51053434c3f421cd16e0f7d26","0xde83cf15d27eb4795d4e1d33852bf14caebd2b47","","0","0","0","0.000013979334873","0.0328897956502188","4443.12","","","Transfer"
"0x938644429e0b8eae8c6cd00e3d90f377ec5ef369c0dff4f43a38137134f2e29a","23166935","1755507899","2025-08-18 09:04:59","0xde83cf15d27eb4795d4e1d33852bf14caebd2b47","0xdac17f958d2ee523a2206206994597c13d831ec7","","0","0","0","0.000020265637572593","0.0476798563407574","4315.29","","","Transfer"
"0xcc7876c7203e444cd88a2c0760cc8f218ab250abbfcc980edc156ad8ccf225db","23166937","1755507923","2025-08-18 09:05:23","0xde83cf15d27eb4795d4e1d33852bf14caebd2b47","0xdac17f958d2ee523a2206206994597c13d831ec7","","0","0","0","0.000019090422354535","0.044914875837886","4315.29","","","Transfer"
"0xef3cecd1ce5239b75bb1c4115548dc2bffd263c4a0f33391cef46f30ccdc91ec","23166940","1755507959","2025-08-18 09:05:59","0xde83cf15d27eb4795d4e1d33852bf14caebd2b47","0xdac17f958d2ee523a2206206994597c13d831ec7","","0","0","0","0.000023971980616829","0.0563999325419488","4315.29","","","Transfer"
"0x3971f9911b69fca8b90a6af258e592c49594d515428cf45fe20645fa5dd6b36c","23166943","1755507995","2025-08-18 09:06:35","0xde83cf15d27eb4795d4e1d33852bf14caebd2b47","0xdac17f958d2ee523a2206206994597c13d831ec7","","0","0","0","0.000020732864680493","0.0487791220955791","4315.29","","","Transfer"
"0xa4801c3395497b732b1206f30194911ffc3e4542ffb1d4d8943e029ec6789b4f","23166948","1755508055","2025-08-18 09:07:35","0xde83cf15d27eb4795d4e1d33852bf14caebd2b47","0xdac17f958d2ee523a2206206994597c13d831ec7","","0","0","0","0.000019146960149828","0.0450478947941235","4315.29","","","Transfer"
"0xf3810fa34155be5fac142d094f72640351dd0c665f633823d5a0637f68d5905c","23167642","1755516443","2025-08-18 11:27:23","0xde83cf15d27eb4795d4e1d33852bf14caebd2b47","0xdac17f958d2ee523a2206206994597c13d831ec7","","0","0","0","0.00003144388041321","0.0739793996378067","4315.29","","","Transfer"
"0xaed5d756515d9e6d685d75b658cb208abd6d4711648522d1a20ca9a361add038","23167851","1755518975","2025-08-18 12:09:35","0xde83cf15d27eb4795d4e1d33852bf14caebd2b47","0x1e8c534ae3793f3df0a7618d4236cfb8b040c2dd","","0","0.005847302794977187","13.7572063176766","0.000014097737577","0.0331683668965887","4315.29","","","Transfer"
"0x4a91b8e95a8b9f4df1beca55320fe099ef94c0ba441a6661f2f4e8d0c47c5662","23167860","1755519083","2025-08-18 12:11:23","0xde83cf15d27eb4795d4e1d33852bf14caebd2b47","0x1b51ae92c129e14a85d424c72f0469b6a45773a3","","0","0.006976354465901115","16.4135758139785","0.000019120400796","0.0449854074348936","4315.29","","","Transfer"
"0x4f6388cb9d97fca9b618365ed4bf7d846cd2f060a2e6fc9a22b71ccffc09df9b","23168388","1755525491","2025-08-18 13:58:11","0x9449f1b024ada02aaed77bea231421f7c13a5f96","0xde83cf15d27eb4795d4e1d33852bf14caebd2b47","","0.042431227553332","0","99.8298142290324","0.000018580005108","0.0437139947453737","4315.29","","","Transfer"
"0xc672e25525cebae62c9a32ab63277a7a6c065fa7f9a492c7a179ca5d157776d5","23168401","1755525647","2025-08-18 14:00:47","0xab62441261c4c01d829f4c03eb92a73f688c99f0","0xde83cf15d27eb4795d4e1d33852bf14caebd2b47","","0.255190909714187","0","600.398870800629","0.000021517748637","0.0506257530814717","4315.29","","","Transfer"
"0xdb7ce976d23e7b61bf156a2c936a62327a0f755314ea87dbdc24f696e17dd419","23168428","1755525971","2025-08-18 14:06:11","0x0f776cc057622f0da2f257d2b987a7cf3386b7cc","0xde83cf15d27eb4795d4e1d33852bf14caebd2b47","","0.86142195","0","2026.7052875909","0.000021456280734","0.0504811348441175","4315.29","","","Transfer"
"0x0c8e56582180af58b1a373356d0d03f40846fbc2aa51d3c1cec67ce330358205","23168517","1755527039","2025-08-18 14:23:59","0xde83cf15d27eb4795d4e1d33852bf14caebd2b47","0x94f12a745159df5dc6b05420f4ccc1b8253cf709","","0","0.006896715017866388","16.2262045838481","0.000038431092819","0.0904185214042481","4315.29","","","Transfer"
"0x5718af129349a9e5c1730f376ee1efc718018d18eb6dd923a0823cff36b2c137","23168607","1755528119","2025-08-18 14:41:59","0xd24bfcf0bef07f59acfaa9f99e173cdf242b394d","0xde83cf15d27eb4795d4e1d33852bf14caebd2b47","","0.122817272478391","0","288.957595681707","0.000033255909519","0.078242640166996","4315.29","","","Transfer"
"0xcaaeea16e6ab48a83150844b447002265da3f3a25b47c5819dbd3f40daa889f2","23168768","1755530063","2025-08-18 15:14:23","0xde83cf15d27eb4795d4e1d33852bf14caebd2b47","0x0589fd109e5b076f2b42df710f68ee5415fa90c2","","0","0.236073411666613079","555.420292789554","0.000037726527195","0.0887608588898258","4315.29","","","Transfer"
"0xd0f9b19f247d8ee130f8ae3d435038583137d165d07cf6eced3d38c1355e219c","23168782","1755530231","2025-08-18 15:17:11","0x05895e5cbf502c92fd755d8867b8f2759d4c90c2","0xde83cf15d27eb4795d4e1d33852bf14caebd2b47","","0.000001","0","0.00235274395734971","0.000022456233387","0.0528337674060991","4315.29","","","Transfer"
"0x9f75ed2b3865d3fef982663743df63ee85f49991fecc6d30ff1124cfd20f2119","23169374","1755537383","2025-08-18 17:16:23","0xde83cf15d27eb4795d4e1d33852bf14caebd2b47","0xdac17f958d2ee523a2206206994597c13d831ec7","","0","0","0","0.000033585572620455","0.0790182530369054","4315.29","","","Transfer"
"0x34b0adcd9826382c0b208b685737cda5be4f2b99db891067a21839aad86f6aa0","23169430","1755538055","2025-08-18 17:27:35","0x0f776cc057622f0da2f257d2b987a7cf3386b7cc","0xde83cf15d27eb4795d4e1d33852bf14caebd2b47","","0.49758511","0","1170.69036081969","0.00000998806179","0.023499352022058","4315.29","","","Transfer"
"0x092a9614149135f37080f28ae470a28535cee81f8798483b4e8926bc793f316f","23169495","1755538835","2025-08-18 17:40:35","0xde83cf15d27eb4795d4e1d33852bf14caebd2b47","0xab2a24d97972bc81efea631a5b3857744af67a0e","","0","0.004578187510832916","10.7713030017261","0.000015660007734","0.0368439885682182","4315.29","","","Transfer"
"0x356732e49f12e74682951655ecf884b8b45dbd0c744179d013cfdf2b30229363","23169672","1755540971","2025-08-18 18:16:11","0x1b51f10a3cc12ac77ab8552f17fda232400673a3","0xde83cf15d27eb4795d4e1d33852bf14caebd2b47","","0","0","0","0.000007198936269","0.0169372538062354","4315.29","","","Transfer"
"0x403215c041aa9f98ace62a565ebcd34d13e65e2a8bf08bf2a604d2f8ffa929c8","23169695","1755541247","2025-08-18 18:20:47","0x1b51278ae272d2b7076181d0989a740cdf9573a3","0xde83cf15d27eb4795d4e1d33852bf14caebd2b47","","0","0","0","0.00001108821294","0.0260877259923919","4315.29","","","Transfer"
"0xb16fe008925b46678d484577d5546b2a95ff1687ea0c57f8569b82ac34c0b3f3","23169760","1755542027","2025-08-18 18:33:47","0x0f776cc057622f0da2f257d2b987a7cf3386b7cc","0xde83cf15d27eb4795d4e1d33852bf14caebd2b47","","0.8437813","0","1985.20135489968","0.000007960006131","0.0187278563251769","4315.29","","","Transfer"
"0x96308867787b68f7da658c0f8f4989fb1a74f707ca99c426ce899073379e67f3","23169761","1755542039","2025-08-18 18:33:59","0xa7b01856ef7b838dd9798f846bbc2f9a8716f74d","0xde83cf15d27eb4795d4e1d33852bf14caebd2b47","","0.343516366470628","0","808.206055464498","0.000010135647312","0.0238465829671358","4315.29","","","Transfer"
"0x2b1c9d660f4df6fd895eade3d62e2ba2afac7487ecae69065a41932355f523f6","23169882","1755543491","2025-08-18 18:58:11","0xde83cf15d27eb4795d4e1d33852bf14caebd2b47","0x799f7deb3fc93e3957d87c7e97fd53998947db19","","0","0.002289093755416458","5.38565150086303","0.000010114411545","0.0237966206446469","4315.29","","","Transfer"
"0x8fe66a1aae9e27e50ad7638992787b10de75463a3431fe1e1668c1298760f2bc","23169886","1755543539","2025-08-18 18:58:59","0x799fa64d4e4545ae06f22e91e9486b2de37bdb19","0xde83cf15d27eb4795d4e1d33852bf14caebd2b47","","0","0","0","0.000007306359942","0.0171899942037625","4315.29","","","Transfer"
"0x6c77bbd41094a63dd7b78e7956554a0327ebdfc0800422d8e4da6419aca883b8","23169902","1755543731","2025-08-18 19:02:11","0x799f53e54a9186c7bc14a322ad5089600e7adb19","0xde83cf15d27eb4795d4e1d33852bf14caebd2b47","","0","0","0","0.000010720205601","0.0252218989492993","4315.29","","","Transfer"
"0x46f07bd7bd4178e86fc87b3651317adaeb906a284e7c9d956a495ed091ed8878","23169999","1755544895","2025-08-18 19:21:35","0xf31d1e5ab6a3d4e9f5eea90ba1cda9798fb04b89","0xde83cf15d27eb4795d4e1d33852bf14caebd2b47","","0.20323429584483463","0","478.158261475158","0.000009913104852","0.0233229975391171","4315.29","","","Transfer"
"0xdb0ae5ea9fcfff9b81425d4379443bf4715e8c3c5ffaae2d7b2d9b9e8a7e36b5","23173971","1755592655","2025-08-19 08:37:35","0xde83cf15d27eb4795d4e1d33852bf14caebd2b47","0xdac17f958d2ee523a2206206994597c13d831ec7","","0","0","0","0.000019575370488557","0.0460558346298343","4075.70","","","Transfer"
"0x5a68988d1c801cdfab2b7ab99ffa1e5d791b90d507a630f619278f1416ede427","23174376","1755597551","2025-08-19 09:59:11","0xde83cf15d27eb4795d4e1d33852bf14caebd2b47","0xdac17f958d2ee523a2206206994597c13d831ec7","","0","0","0","0.000017388311754947","0.0409102454099645","4075.70","","","Transfer"
"0x2a680ba3b753c07341c5659dc30878d8a1e32b4bae8e84520b2dc1bbbac4b3b4","23174380","1755597599","2025-08-19 09:59:59","0xde83cf15d27eb4795d4e1d33852bf14caebd2b47","0xdac17f958d2ee523a2206206994597c13d831ec7","","0","0","0","0.00001606489570952","0.0377965863060265","4075.70","","","Transfer"
"0x1e52d0a98675789c10d81e1ab412099bf813e94f50b990c40a8e6c7583af0560","23174386","1755597671","2025-08-19 10:01:11","0xde83cf15d27eb4795d4e1d33852bf14caebd2b47","0xdac17f958d2ee523a2206206994597c13d831ec7","","0","0","0","0.000016835425836733","0.0396094464067827","4075.70","","","Transfer"
"0xd7db5b1096e7e14f4f4aa2327fc2ba6dfe6cb4e63d7e0229171f1c953529f1a9","23174505","1755599123","2025-08-19 10:25:23","0xde83cf15d27eb4795d4e1d33852bf14caebd2b47","0xdac17f958d2ee523a2206206994597c13d831ec7","","0","0","0","0.000013757269395847","0.0323673324407111","4075.70","","","Transfer"
"0xde48230f2046f2aab57294264ace1ba2631067653cdb76f923e7d3b09a70494c","23175001","1755605087","2025-08-19 12:04:47","0xde83cf15d27eb4795d4e1d33852bf14caebd2b47","0x5690997cc7a8aba20580f8e81446c84ffd3fb849","","0","0.002322275862209065","5.46372050211146","0.000007701157233","0.0181188511445408","4075.70","","","Transfer"
"0xe77246d9a067f48c7b0dfd99e26fb71691fb2b1b708ccd69318ac3e62ef960fd","23175004","1755605123","2025-08-19 12:05:23","0xde83cf15d27eb4795d4e1d33852bf14caebd2b47","0x5690997cc7a8aba20580f8e81446c84ffd3fb849","","0","0.002321840467226325","5.46269612919676","0.00000771027957","0.0181403136677944","4075.70","","","Transfer"
"0x4de7fe024a5e3ed87f59923c01a4fa92418e48855e20f5032c37b24224c4c381","23175031","1755605447","2025-08-19 12:10:47","0x0f776cc057622f0da2f257d2b987a7cf3386b7cc","0xde83cf15d27eb4795d4e1d33852bf14caebd2b47","","1.21904185","0","2868.09334634391","0.000005518535631","0.0129837013592543","4075.70","","","Transfer"
"0xcadf1f01514eddac2008af2d3eb8a83aa86aa7a364dbc3e6c32edb0659f59eed","23175643","1755612803","2025-08-19 14:13:23","0xde83cf15d27eb4795d4e1d33852bf14caebd2b47","0xdac17f958d2ee523a2206206994597c13d831ec7","","0","0","0","0.000063809489629293","0.150127391146888","4075.70","","","Transfer"
"0xc20fb5c44395084a445c688a5a73176dad823ea44dd8a4ce4f8d53dc097b168e","23175655","1755612959","2025-08-19 14:15:59","0xde83cf15d27eb4795d4e1d33852bf14caebd2b47","0x2bb362e8e5902f2d3e61260c1dc7f5049c29fbe2","","0","0.002337163848516389","5.49874812193313","0.000023184199143","0.0545464844396856","4075.70","","","Transfer"
"0xca27c1167231e35f2ac1f87ef09b930d1535b5d023611e5fd695e6581a13f919","23175892","1755615803","2025-08-19 15:03:23","0x56eddb7aa87536c09ccc2793473599fd21a8b17f","0xde83cf15d27eb4795d4e1d33852bf14caebd2b47","","0.997","0","2345.68572547766","0.000047888632911","0.112669691707094","4075.70","","","Transfer"
"0xfbfa5a12a2ae824f543b23230651438ccca7342ffe7b5e2303d5814695bfb01c","23176012","1755617267","2025-08-19 15:27:47","0xde83cf15d27eb4795d4e1d33852bf14caebd2b47","0xdac17f958d2ee523a2206206994597c13d831ec7","","0","0","0","0.000114800092478175","0.270095223881214","4075.70","","","Transfer"
"0xb1f7242e367b591f32f1451a119ebf08d355da4b93dbd8ab71b528d95ae4e638","23176399","1755621935","2025-08-19 16:45:35","0xde83cf15d27eb4795d4e1d33852bf14caebd2b47","0xdac17f958d2ee523a2206206994597c13d831ec7","","0","0","0","0.000069884041469844","0.164419256283352","4075.70","","","Transfer"
"0x92106c4a0ca57dd935a347926980206b5a8c825cfb9ed57b05df24a404dc7d22","23176648","1755624935","2025-08-19 17:35:35","0xde83cf15d27eb4795d4e1d33852bf14caebd2b47","0xdac17f958d2ee523a2206206994597c13d831ec7","","0","0","0","0.00004017352266525","0.0945180126961186","4075.70","","","Transfer"
"0x23426bb916e99a890d354fdc9006bbff512cc2efec14b4f16dbb567172b7d20c","23176652","1755624983","2025-08-19 17:36:23","0xde83cf15d27eb4795d4e1d33852bf14caebd2b47","0xdac17f958d2ee523a2206206994597c13d831ec7","","0","0","0","0.000038091030922225","0.0896184428314858","4075.70","","","Transfer"
"0x51fa49ba95598d6ba6d3d15c3140233deb874d2ddf6e73feda8b9e87e1930b28","23176657","1755625043","2025-08-19 17:37:23","0xde83cf15d27eb4795d4e1d33852bf14caebd2b47","0xdac17f958d2ee523a2206206994597c13d831ec7","","0","0","0","0.00003411020769845","0.0802525850464718","4075.70","","","Transfer"
"0x6df6a53cef365c8be2299ae5923e9770186e9f0404a46d692f619067b56511ad","23176793","1755626675","2025-08-19 18:04:35","0xde83cf15d27eb4795d4e1d33852bf14caebd2b47","0xdac17f958d2ee523a2206206994597c13d831ec7","","0","0","0","0.000036250381722664","0.0852878665496181","4075.70","","","Transfer"
"0xac0fdaedfb5cbbce7593eb747cfc62675ceab16257ec38fdba28f359b3fa67e3","23176900","1755627959","2025-08-19 18:25:59","0xdc61b24ffa930dea7a9c854644ab74ee933de3de","0xde83cf15d27eb4795d4e1d33852bf14caebd2b47","","0.333843871153017757","0","785.449150553498","0.000019018084575","0.044744683564197","4075.70","","","Transfer"
"0x7167bbf60ff6a9abe8dc2ea7b3d72db44d8e03f8d19c178b95c67fd87cbc1b44","23177316","1755632987","2025-08-19 19:49:47","0xdc61b24ffa930dea7a9c854644ab74ee933de3de","0xde83cf15d27eb4795d4e1d33852bf14caebd2b47","","0.118439772653412004","0","278.658459420189","0.000024620636313","0.0579260533115156","4075.70","","","Transfer"
"0xad01cfd4add178a585c77e76ef6d1a6efb6a67a0fe10147cb46a96834e09c61d","23181407","1755682247","2025-08-20 09:30:47","0xde83cf15d27eb4795d4e1d33852bf14caebd2b47","0xdac17f958d2ee523a2206206994597c13d831ec7","","0","0","0","0.000014617026447212","0.0343901206480989","4336.33","","","Transfer"
"0x858cd6182bc80de04cbee9a656915ab6e5c6c63d482d7781e110c6ed535781c6","23181411","1755682295","2025-08-20 09:31:35","0xde83cf15d27eb4795d4e1d33852bf14caebd2b47","0xdac17f958d2ee523a2206206994597c13d831ec7","","0","0","0","0.000011627967179752","0.0273576295184223","4336.33","","","Transfer"
"0xcc4a3930c44e15a0a03d213ce05ae4dced19745013945cc801038725af74cd28","23181416","1755682355","2025-08-20 09:32:35","0xde83cf15d27eb4795d4e1d33852bf14caebd2b47","0xdac17f958d2ee523a2206206994597c13d831ec7","","0","0","0","0.00001777773439792","0.0418264571800744","4336.33","","","Transfer"
"0x561c5d6d7218765aba89d8e1d42ef88a405cb7623916d4b9eca354ca1a0da9af","23182173","1755691475","2025-08-20 12:04:35","0xde83cf15d27eb4795d4e1d33852bf14caebd2b47","0xdac17f958d2ee523a2206206994597c13d831ec7","","0","0","0","0.000038606416208626","0.0908310124497727","4336.33","","","Transfer"
"0x8ebe78cedbcccaeb216e6c437542673aa6de721cc58a9df62de342bf9ec05633","23182395","1755694175","2025-08-20 12:49:35","0xde83cf15d27eb4795d4e1d33852bf14caebd2b47","0xdac17f958d2ee523a2206206994597c13d831ec7","","0","0","0","0.00002638331324883","0.0620731808210493","4336.33","","","Transfer"
"0x4f16ede3b17b34b05cb3db3998c21346ff66f67b3caa97debc4c458fffd42b51","23182404","1755694283","2025-08-20 12:51:23","0xde83cf15d27eb4795d4e1d33852bf14caebd2b47","0xdac17f958d2ee523a2206206994597c13d831ec7","","0","0","0","0.000029813098164589","0.0701425865566105","4336.33","","","Transfer"
"0x282b4f63e04651d43d94bd265fa336184bf79a28bf68188a362b4cbd9e2cefb0","23182457","1755694919","2025-08-20 13:01:59","0xb36b3ef7991f22424cfddb8c102a3bff071f2d62","0xde83cf15d27eb4795d4e1d33852bf14caebd2b47","","0.40208194187005913","0","945.995859094219","0.000012537090573","0.0294965640883718","4336.33","","","Transfer"
"0x70c6d719faf032c5bc8bbd7aa8a5a62490852bab05c281d4e017119ed984409d","23182471","1755695087","2025-08-20 13:04:47","0xb36b3ef7991f22424cfddb8c102a3bff071f2d62","0xde83cf15d27eb4795d4e1d33852bf14caebd2b47","","0.19025467967057402","0","447.620547952448","0.000011762644173","0.0276744900004805","4336.33","","","Transfer"
"0x5b1ba355677b740c41f4234858bc10ee74c635e23eb27d6dab4239641b7b4645","23182478","1755695171","2025-08-20 13:06:11","0xb36b3ef7991f22424cfddb8c102a3bff071f2d62","0xde83cf15d27eb4795d4e1d33852bf14caebd2b47","","0.05263618778303023","0","123.839472744449","0.000011519337144","0.0271020508582201","4336.33","","","Transfer"
"0xb8f04c816296aa01152aed138b32cfde5def78631a51be9b0edd9ce1f473a401","23182505","1755695495","2025-08-20 13:11:35","0x0f776cc057622f0da2f257d2b987a7cf3386b7cc","0xde83cf15d27eb4795d4e1d33852bf14caebd2b47","","1.01277214","0","2382.79353255713","0.000008764340613","0.0206202494173904","4336.33","","","Transfer"
"0x12189b64f88e3d00c23040c34b5981ae8e9ed2b72b6ca0079cd8035cbba3ad00","23182631","1755697019","2025-08-20 13:36:59","0xde83cf15d27eb4795d4e1d33852bf14caebd2b47","0x0cf7ae6dab5aae50e1a480c691ff68bb4a04118d","","0","0.002393250240096768","5.63070504081341","0.000018473889525","0.0434643319486899","4336.33","","","Transfer"
"0x21306cfd1e888cc4c5287b73c41cbefa1403a8798104515255b37ea50c524639","23182645","1755697187","2025-08-20 13:39:47","0xde83cf15d27eb4795d4e1d33852bf14caebd2b47","0xdac17f958d2ee523a2206206994597c13d831ec7","","0","0","0","0.000034635304043873","0.0814880023001922","4336.33","","","Transfer"
"0x68b2d6605d102fd426e9cfd2d8e67898129752902ab4cb9fa0be8014739b5908","23182873","1755699923","2025-08-20 14:25:23","0xffac3a180a68f40d1669e2f90959a0ef93cc5885","0xde83cf15d27eb4795d4e1d33852bf14caebd2b47","","1.467118439288942","0","3451.7540427534","0.000026708015082","0.0628371210969804","4336.33","","","Transfer"
"0xdb2ae383ec5efd99a6a3cc6dd86344e2e03787deac1d45134cfdba2646115951","23183404","1755706331","2025-08-20 16:12:11","0x41fbfed47800f829ce5fa1749d9bf26fc438cc04","0xde83cf15d27eb4795d4e1d33852bf14caebd2b47","","1.045338510394299","0","2459.41386371513","0.000037424536905","0.08805035305985","4336.33","","","Transfer"
"0xbc6401c4735283dcf380fabf29adc36807f08d20fc04b666ec8eba1965a9c944","23183784","1755710915","2025-08-20 17:28:35","0xde83cf15d27eb4795d4e1d33852bf14caebd2b47","0xdac17f958d2ee523a2206206994597c13d831ec7","","0","0","0","0.000065588034679146","0.154311852265804","4336.33","","","Transfer"
"0x2bcee0fa08a0f3b4823ada248265ee094d5bf0d6453fffae22f9ab48a3647fa9","23184071","1755714371","2025-08-20 18:26:11","0xde83cf15d27eb4795d4e1d33852bf14caebd2b47","0xdac17f958d2ee523a2206206994597c13d831ec7","","0","0","0","0.000080172002062335","0.188624193400787","4336.33","","","Transfer"
"0x751b5fd7f92726cc18154bb35a4b0a9efeae309cc9d4a9cf329323bbbf6258f3","23188725","1755770519","2025-08-21 10:01:59","0xde83cf15d27eb4795d4e1d33852bf14caebd2b47","0xdac17f958d2ee523a2206206994597c13d831ec7","","0","0","0","0.00192060732713533","4.51869728335923","4224.96","","","Transfer"
"0xa57bdbf3fcfc5b34d05eb205db6fdc11a3926205681821c2ca1caa78512e338f","23188730","1755770579","2025-08-21 10:02:59","0xde83cf15d27eb4795d4e1d33852bf14caebd2b47","0xdac17f958d2ee523a2206206994597c13d831ec7","","0","0","0","0.000534553984114129","1.25766865600173","4224.96","","","Transfer"
"0x01595b7f3174494e4b0d6833fc2b4b3fb7db95bfd81032c39115c99cbee1e592","23188734","1755770627","2025-08-21 10:03:47","0xde83cf15d27eb4795d4e1d33852bf14caebd2b47","0xdac17f958d2ee523a2206206994597c13d831ec7","","0","0","0","0.000232263657874745","0.546456917576747","4224.96","","","Transfer"
"0xe2f5be6905aca19ef51ef8f4578220d1ffbdc6c1c615de08c5c192b25704ca74","23188738","1755770675","2025-08-21 10:04:35","0xde83cf15d27eb4795d4e1d33852bf14caebd2b47","0xdac17f958d2ee523a2206206994597c13d831ec7","","0","0","0","0.000163465856284493","0.384593305606337","4224.96","","","Transfer"
"0x4d4ada9352b7592ea872dd133b337b085e1e08248b1f074b3d341598dbf29aee","23188940","1755773099","2025-08-21 10:44:59","0x0f776cc057622f0da2f257d2b987a7cf3386b7cc","0xde83cf15d27eb4795d4e1d33852bf14caebd2b47","","0.17146875","0","403.422065436808","0.000006535581738","0.0153765504418446","4224.96","","","Transfer"
"0xf556773d1c44f6fc7c3028e82c3bab88a4f1637402d1c95c19b85829a859e1e0","23188942","1755773123","2025-08-21 10:45:23","0xde83cf15d27eb4795d4e1d33852bf14caebd2b47","0xa0b86991c6218b36c1d19d4a2e9eb0ce3606eb48","","0","0","0","0.00003419055117984","0.0804416126868246","4224.96","","","Transfer"
"0x7e6a6dfdaefda6b30023ffab96c205f9a81839a84b7a84f5725c5c97949c8299","23188948","1755773195","2025-08-21 10:46:35","0xde83cf15d27eb4795d4e1d33852bf14caebd2b47","0xdac17f958d2ee523a2206206994597c13d831ec7","","0","0","0","0.00001721427237745","0.0405007753162175","4224.96","","","Transfer"
"0x2e157eb7a44bf0238f1dbf3ffbb1315cc5cfb7e87c17854d68178b2f3c45179c","23189427","1755778943","2025-08-21 12:22:23","0x0f776cc057622f0da2f257d2b987a7cf3386b7cc","0xde83cf15d27eb4795d4e1d33852bf14caebd2b47","","0.3647596","0","858.185944785297","0.000011503091607","0.0270638292692094","4224.96","","","Transfer"
"0xf5ae53e0824d12498a7e7fbd446eabea13c9b29cf88f97e2d41057507bc95619","23189593","1755780947","2025-08-21 12:55:47","0x0f776cc057622f0da2f257d2b987a7cf3386b7cc","0xde83cf15d27eb4795d4e1d33852bf14caebd2b47","","0.43866028","0","1032.05532309933","0.000014746837203","0.0346955321193781","4224.96","","","Transfer"
"0x5c120bb2c9c47798746b309503f92c471f934b9dfc990d8885ba261576fa88af","23189742","1755782735","2025-08-21 13:25:35","0xde83cf15d27eb4795d4e1d33852bf14caebd2b47","0xa08d4d7b5f2101066ee3ff10d6ddbd3684f73706","","0","0.00469033373295154","11.0351543481552","0.000010796186562","0.0254006626961656","4224.96","","","Transfer"
"0x7d12cca02a1af8312da7603706f8edbca646a97a05fac5ba1a726598a9d7f404","23190416","1755790847","2025-08-21 15:40:47","0x9696f59e4d72e237be84ffd425dcad154bf96976","0xde83cf15d27eb4795d4e1d33852bf14caebd2b47","","1.014","0","2385.68237275261","0.000019467036393","0.0458009522411376","4224.96","","","Transfer"
"0x5a1585fb979fb6dad37c58ffd9022fd31819c059f7082e8c77819d61a6740379","23190909","1755796787","2025-08-21 17:19:47","0xde83cf15d27eb4795d4e1d33852bf14caebd2b47","0xdac17f958d2ee523a2206206994597c13d831ec7","","0","0","0","0.000052090447721987","0.122555486113546","4224.96","","","Transfer"
"0x89f3f5762761eaf020552f6ba4b49445e1f118f2786c0dd5d20ba157a8546f1d","23191106","1755799187","2025-08-21 17:59:47","0x0f776cc057622f0da2f257d2b987a7cf3386b7cc","0xde83cf15d27eb4795d4e1d33852bf14caebd2b47","","0.87561825","0","2060.10554663263","0.000007476315483","0.0175898560758683","4224.96","","","Transfer"
"0x5c5a986f450c93d9b01e5e5ede5126ef2cea37691cba5fcaa60dc608384fdb49","23191363","1755802295","2025-08-21 18:51:35","0xffac3a180a68f40d1669e2f90959a0ef93cc5885","0xde83cf15d27eb4795d4e1d33852bf14caebd2b47","","0.8765458523054784","0","2062.28795735167","0.000008244414864","0.0193969972531601","4224.96","","","Transfer"
"0x68f35d861da5c5f31399ddbe060e903681175d8ca631f239b5776c888da6243f","23191463","1755803531","2025-08-21 19:12:11","0x0f776cc057622f0da2f257d2b987a7cf3386b7cc","0xde83cf15d27eb4795d4e1d33852bf14caebd2b47","","0.86623067","0","2038.01897451349","0.000006006690984","0.014132205916273","4224.96","","","Transfer"
"0x2851632823107c24d36cacd65422459074374002cd9e86652046c4f7d09a71cb","23195669","1755854303","2025-08-22 09:18:23","0xde83cf15d27eb4795d4e1d33852bf14caebd2b47","0xdac17f958d2ee523a2206206994597c13d831ec7","","0","0","0","0.000016487738712875","0.0387914276270775","4830.60","","","Transfer"
"0x8492e3006ad663010966f9e553f2e4b88f07ed14833874bdd73903079e9f2764","23195675","1755854375","2025-08-22 09:19:35","0xde83cf15d27eb4795d4e1d33852bf14caebd2b47","0xdac17f958d2ee523a2206206994597c13d831ec7","","0","0","0","0.000016098934249391","0.037876670275025","4830.60","","","Transfer"
"0x0f3125807ae51eca86379d7b572bbbbcc9948d9390e6ae4f3c6577cf8d48d3f2","23195677","1755854399","2025-08-22 09:19:59","0xde83cf15d27eb4795d4e1d33852bf14caebd2b47","0xdac17f958d2ee523a2206206994597c13d831ec7","","0","0","0","0.00003503479720713","0.0824279074260476","4830.60","","","Transfer"
"0x27e97bbc10ec8f6daea0c36751e128e14277415a1e0f9592e5e47f1fdf56fed6","23195679","1755854423","2025-08-22 09:20:23","0xde83cf15d27eb4795d4e1d33852bf14caebd2b47","0xdac17f958d2ee523a2206206994597c13d831ec7","","0","0","0","0.000079436340730082","0.186893370646673","4830.60","","","Transfer"
"0x078c3673e179b322eac01113369942a796febb1655f6e07d9ca326b3eddcbd9b","23195834","1755856283","2025-08-22 09:51:23","0xde83cf15d27eb4795d4e1d33852bf14caebd2b47","0x111111125421ca6dc452d289314280a0f8842a65","","0","2","4705.48791469942","0.00016303760664408","0.383585743852618","4830.60","","","Swap"
"0x4ecfefee029ee47e9574792ecdb00b164811989a90d3a3b6bbccf4f976dd5124","23195840","1755856355","2025-08-22 09:52:35","0xde83cf15d27eb4795d4e1d33852bf14caebd2b47","0xdac17f958d2ee523a2206206994597c13d831ec7","","0","0","0","0.000023122436583082","0.0544011729500481","4830.60","","","Transfer"
"0xb734ffefd19ff61517d47783cb3028e2fcfebbd1c4d05c9a3f363b5d643a5dbc","23197897","1755881087","2025-08-22 16:44:47","0xde83cf15d27eb4795d4e1d33852bf14caebd2b47","0xa0b86991c6218b36c1d19d4a2e9eb0ce3606eb48","","0","0","0","0.000370633058163736","0.872004687988774","4830.60","","","Transfer"
"0xd4d93d7c664652abfcf7ca4a0484447cff0373aa1e31888311b273dd2554585a","23198369","1755886787","2025-08-22 18:19:47","0xde83cf15d27eb4795d4e1d33852bf14caebd2b47","0x75cbcbfd42bbc1bcf02fa073f3421a03e3c2e588","","0","0.0020833251545958","4.90153066866992","0.000103548145281","0.243622273104643","4830.60","","","Transfer"
"0x7a55fc34706e4958f301dc7b6b3f69b7ca1af88017d100433593912815d5e735","23198500","1755888371","2025-08-22 18:46:11","0xffac3a180a68f40d1669e2f90959a0ef93cc5885","0xde83cf15d27eb4795d4e1d33852bf14caebd2b47","","0.21836479249075869","0","513.756446030556","0.00005046969648","0.118742273422594","4830.60","","","Transfer"
"0xdba51bec4048099fd7e89398df4c3fe27177f97dd08b004369360c7ecf5046ba","23217115","1756112771","2025-08-25 09:06:11","0xde83cf15d27eb4795d4e1d33852bf14caebd2b47","0xdac17f958d2ee523a2206206994597c13d831ec7","","0","0","0","0.000023819523329343","0.0560412395800622","4379.44","","","Transfer"
"0x5fb2ab28273c2340b43747563bf96586d64a279582baab5f7ee97a0aa00777fe","23217120","1756112831","2025-08-25 09:07:11","0xde83cf15d27eb4795d4e1d33852bf14caebd2b47","0xdac17f958d2ee523a2206206994597c13d831ec7","","0","0","0","0.000017148798923319","0.040346733042644","4379.44","","","Transfer"
"0x581f58f4716deaa4c7ebaac0edbd9ad85b8be6e81f01c98d7f9745da7c25f26a","23217705","1756119863","2025-08-25 11:04:23","0x0f776cc057622f0da2f257d2b987a7cf3386b7cc","0xde83cf15d27eb4795d4e1d33852bf14caebd2b47","","0.8548307","0","2011.19776398202","0.000006808094727","0.0160177037300137","4379.44","","","Transfer"
"0x26fe8bd1e22296f401c3390a011b699ec48b49794f099ce2701d1b8ae473ca85","23218658","1756131371","2025-08-25 14:16:11","0xde83cf15d27eb4795d4e1d33852bf14caebd2b47","0xdac17f958d2ee523a2206206994597c13d831ec7","","0","0","0","0.000084049262257637","0.197746393896357","4379.44","","","Transfer"
"0xf86c7dca63c9141f4d4d7d824fab4fbf4917faf33a4b0b608d4638df10264349","23218817","1756133279","2025-08-25 14:47:59","0xde83cf15d27eb4795d4e1d33852bf14caebd2b47","0xdac17f958d2ee523a2206206994597c13d831ec7","","0","0","0","0.000041576516456479","0.0978188978606317","4379.44","","","Transfer"
"0xe71827490576441743d21ce22ed64391b0481e2ce6826315c6190c7bcc84c3d8","23218819","1756133303","2025-08-25 14:48:23","0x0f776cc057622f0da2f257d2b987a7cf3386b7cc","0xde83cf15d27eb4795d4e1d33852bf14caebd2b47","","0.54670293","0","1286.25201502288","0.000012674270007","0.0298193121727879","4379.44","","","Transfer"
"0xe670464f52203427f04e7498ba606519176fcdbba7e7a14e556e16f299825cfc","23219043","1756135991","2025-08-25 15:33:11","0x0f776cc057622f0da2f257d2b987a7cf3386b7cc","0xde83cf15d27eb4795d4e1d33852bf14caebd2b47","","0.47008212","0","1105.98286728814","0.000013273590939","0.0312293608740641","4379.44","","","Transfer"
"0x52193b6cd9f53eec636acc5d19add897cf02ab8ebe453c6aaa819e5d28388922","23219481","1756141283","2025-08-25 17:01:23","0xde83cf15d27eb4795d4e1d33852bf14caebd2b47","0x7004ac43452a9f93651ba9eddff5cf5bafc12f55","","0","0.00325929672940376","7.66829068531437","0.000016853853723","0.0396528025048442","4379.44","","","Transfer"
"0x66f22e2f20ab21075a647ef3066f2fe5b1dd3b0a56bb015d05b7c3ffaebe7d09","23219487","1756141367","2025-08-25 17:02:47","0xde83cf15d27eb4795d4e1d33852bf14caebd2b47","0xdac17f958d2ee523a2206206994597c13d831ec7","","0","0","0","0.000063778842708373","0.150055286788882","4379.44","","","Transfer"
"0xfdf4536bc632cbdfc4c3572b2b741fe476dcb3838879271d660bc5a089df4bf2","23219560","1756142243","2025-08-25 17:17:23","0x4b4604070df934d033b1ce5376967b7ef701b8a6","0xde83cf15d27eb4795d4e1d33852bf14caebd2b47","","0.105379862961963","0","247.931835810099","0.000014625464217","0.0344099725599812","4379.44","","","Transfer"
"0x6ae0a99b7de8ec68f266b0f1fc0e04e29ff059183fe2e46152c39f8f85dd04ff","23219889","1756146191","2025-08-25 18:23:11","0x9f66365385627d02b7f03cad26834218117a17ef","0xde83cf15d27eb4795d4e1d33852bf14caebd2b47","","0.49165399275315","0","1156.73596055683","0.000007785247449","0.018316693892107","4379.44","","","Transfer"
"0x54c220bba0552cfffaf6fc61d431308ed306186979614a64fc706ec61bea4efc","23224064","1756196555","2025-08-26 08:22:35","0xde83cf15d27eb4795d4e1d33852bf14caebd2b47","0xdac17f958d2ee523a2206206994597c13d831ec7","","0","0","0","0.000021980384943048","0.0517142178549767","4601.95","","","Transfer"
"0xf02f3ab77d160e5d0d745cee4a6d1f91b89126ed9b0474d43c159886dad972f9","23224240","1756198679","2025-08-26 08:57:59","0xde83cf15d27eb4795d4e1d33852bf14caebd2b47","0x111111125421ca6dc452d289314280a0f8842a65","","0","7","16469.207701448","0.000229840176729504","0.54075508695653","4601.95","","","Swap"
"0x76fbe609eced78355b436fd84054bb4c2b19185cf7a44ade80988d64dc2ca494","23224535","1756202219","2025-08-26 09:56:59","0xde83cf15d27eb4795d4e1d33852bf14caebd2b47","0xdac17f958d2ee523a2206206994597c13d831ec7","","0","0","0","0.000015965473854654","0.037562672137762","4601.95","","","Transfer"
"0x51ae2719081aca70d925f0e2decfaaca337fbd480970b02bb16decba0e91cc89","23224540","1756202279","2025-08-26 09:57:59","0xde83cf15d27eb4795d4e1d33852bf14caebd2b47","0xdac17f958d2ee523a2206206994597c13d831ec7","","0","0","0","0.000023461720947518","0.0551994221882981","4601.95","","","Transfer"
"0x8c9e41c6416951ab7cf174b3e5cf9c0dabcaf7fbedccc8e5799c2f73239895ea","23224550","1756202399","2025-08-26 09:59:59","0xde83cf15d27eb4795d4e1d33852bf14caebd2b47","0xdac17f958d2ee523a2206206994597c13d831ec7","","0","0","0","0.000015034853755782","0.0353731613235527","4601.95","","","Transfer"
"0x8fdf06126bfa382765149e1a594560eddf64b4ea491051260cb0443075bb2f20","23224748","1756204787","2025-08-26 10:39:47","0xde83cf15d27eb4795d4e1d33852bf14caebd2b47","0xdac17f958d2ee523a2206206994597c13d831ec7","","0","0","0","0.000017211657755313","0.0404946237797839","4601.95","","","Transfer"
"0x37e7a03349b0180cb1a7a278b26b1fa754f8a8d3d4c4648d0dc99ae25f3c8dfc","23225041","1756208315","2025-08-26 11:38:35","0xde83cf15d27eb4795d4e1d33852bf14caebd2b47","0xdac17f958d2ee523a2206206994597c13d831ec7","","0","0","0","0.000024236277816454","0.057021756181311","4601.95","","","Transfer"
"0x69e7d02601c94ee31acf20f014a50461762e47d6b8956bed499ab259e1c3b853","23225220","1756210487","2025-08-26 12:14:47","0xde83cf15d27eb4795d4e1d33852bf14caebd2b47","0xa0b86991c6218b36c1d19d4a2e9eb0ce3606eb48","","0","0","0","0.00002267940994056","0.0533588446939095","4601.95","","","Transfer"
"0x6182da0c535eb5890215e49155e85cf01d315756939a750cd31773026e6fe629","23225510","1756214003","2025-08-26 13:13:23","0xde83cf15d27eb4795d4e1d33852bf14caebd2b47","0xd203b95e767faa73076f97633f2436abdf6ad553","","0","0.46","1082.26222038087","0.000042504684936","0.100002640642227","4601.95","","","Transfer"
"0x6b53ab27c95d698d4947a5842addb7588d00d3a9725dac6632d092f326a35327","23225516","1756214075","2025-08-26 13:14:35","0xde83cf15d27eb4795d4e1d33852bf14caebd2b47","0xd976be31ef4a2f8843125e4e583f1738852d0a43","","0","0.12","282.329274881965","0.000038940073536","0.0916160227105774","4601.95","","","Transfer"
"0x9946ebc6b00bd5abd2aef243f15240fac722376226445fc48524422842c7a12e","23225716","1756216475","2025-08-26 13:54:35","0xde83cf15d27eb4795d4e1d33852bf14caebd2b47","0xdac17f958d2ee523a2206206994597c13d831ec7","","0","0","0","0.000057444676225149","0.13515261487063","4601.95","","","Transfer"
"0xfbf27253554f74a5b86d7c162a6b8c4f7c18ab4cd0e47d0966f686a38882100f","23225833","1756217891","2025-08-26 14:18:11","0xde83cf15d27eb4795d4e1d33852bf14caebd2b47","0xdac17f958d2ee523a2206206994597c13d831ec7","","0","0","0","0.00006366158975574","0.149779420613093","4601.95","","","Transfer"
"0x05d9b7ab907016aa9187243bd1428b1e2dd7c8be97a47396dfea367855d71e8c","23226172","1756221971","2025-08-26 15:26:11","0xde83cf15d27eb4795d4e1d33852bf14caebd2b47","0xdac17f958d2ee523a2206206994597c13d831ec7","","0","0","0","0.000074653799773135","0.175641276309439","4601.95","","","Transfer"
"0x6cef024dd8e762bc2600e8965a9c8abbbe582d12fd44eccd729e186dea75f77e","23226292","1756223411","2025-08-26 15:50:11","0xde83cf15d27eb4795d4e1d33852bf14caebd2b47","0xdac17f958d2ee523a2206206994597c13d831ec7","","0","0","0","0.000078731394280062","0.185234812146133","4601.95","","","Transfer"
"0x15b39c751890f25b8a4d83c34c9d51ee64326c22fbffbe2268356a4c27e7e3bf","23226338","1756223963","2025-08-26 15:59:23","0xde83cf15d27eb4795d4e1d33852bf14caebd2b47","0xdac17f958d2ee523a2206206994597c13d831ec7","","0","0","0","0.00004356505211968","0.102497413126202","4601.95","","","Transfer"
"0x4c106a9def4797c62cabeaf5a504526865d8a9f8b35dfedc478b31eeeadd4e4e","23226536","1756226351","2025-08-26 16:39:11","0xde83cf15d27eb4795d4e1d33852bf14caebd2b47","0xdac17f958d2ee523a2206206994597c13d831ec7","","0","0","0","0.000072767582877014","0.171203490904839","4601.95","","","Transfer"
"0xeb9f4b210597c25e6e564a3aedf3950f95c754a2be3679b1b75c867fa3988537","23226538","1756226375","2025-08-26 16:39:35","0xde83cf15d27eb4795d4e1d33852bf14caebd2b47","0x9159ba7d07989b50cf1170e8ca24e3b86e44545a","","0","0.002213014566921163","5.20665664985065","0.000024032555526","0.0565424497934679","4601.95","","","Transfer"
"0xab190762860ce606116429c4322458a2c558f1b42bb9231b8b8f8e0a477ce0d7","23226788","1756229375","2025-08-26 17:29:35","0x0f776cc057622f0da2f257d2b987a7cf3386b7cc","0xde83cf15d27eb4795d4e1d33852bf14caebd2b47","","0.4157404","0","978.130713926151","0.00001229376456","0.02892408028162","4601.95","","","Transfer"
"0xeb28f1e067c92cc1ed536a1037ba2e63302fe93d29029d03016c6edc3fcac14d","23227435","1756237199","2025-08-26 19:39:59","0x0d92df8669a5d2a3ac5505ddc7abf378a6cd92b6","0xde83cf15d27eb4795d4e1d33852bf14caebd2b47","","0.175958808973885921","0","413.986024555762","0.000014601201972","0.0343528897096657","4601.95","","","Transfer"
"0xedcb7aeaebe3b1e3f3ef562636fd6f28dc8486c23215b07b7419a4f0ca60f531","23231663","1756288103","2025-08-27 09:48:23","0xde83cf15d27eb4795d4e1d33852bf14caebd2b47","0xdac17f958d2ee523a2206206994597c13d831ec7","","0","0","0","0.000022783648909868","0.0536040922990692","4507.43","","","Transfer"
"0xf0de96c8a16c3e2df2748675337d3399de45a47c326e8939c6a2b8c6c8c06422","23231671","1756288199","2025-08-27 09:49:59","0xde83cf15d27eb4795d4e1d33852bf14caebd2b47","0xdac17f958d2ee523a2206206994597c13d831ec7","","0","0","0","0.000020421293764172","0.048046075504919","4507.43","","","Transfer"
"0xb993f9563c010260ebe625288994a815d2c713d094f108184156768b4c03aab0","23231882","1756290743","2025-08-27 10:32:23","0xde83cf15d27eb4795d4e1d33852bf14caebd2b47","0xdac17f958d2ee523a2206206994597c13d831ec7","","0","0","0","0.000027377419867285","0.0644120591605807","4507.43","","","Transfer"
"0x8e0af7e43ab070a3584874310b59eaa2db07ab039236ff4946af3398365fbedd","23232512","1756298351","2025-08-27 12:39:11","0xde83cf15d27eb4795d4e1d33852bf14caebd2b47","0xdac17f958d2ee523a2206206994597c13d831ec7","","0","0","0","0.000057444878587635","0.135153090977746","4507.43","","","Transfer"
"0x909e71b66c67a85fedb026da28b642de9f4c422f343515e1b854275f59a5a6e4","23232723","1756300931","2025-08-27 13:22:11","0xde83cf15d27eb4795d4e1d33852bf14caebd2b47","0xf68a87a5bb6b0287554058f4b8de7def5ae31cdf","","0","60.519090499258273475","142385.92447643","0.000031357588668","0.0737763772556947","4507.43","","","Transfer"
"0x9faafdad15da06e0910a9ae83ea53828c7ece319e2063bca545801b42442240c","23232745","1756301195","2025-08-27 13:26:35","0xde83cf15d27eb4795d4e1d33852bf14caebd2b47","0xdac17f958d2ee523a2206206994597c13d831ec7","","0","0","0","0.000054817205998824","0.128970850172527","4507.43","","","Transfer"
"0xfe5b60b91fba02138a58b55a82cdea2d85ca5e3588733807e0ad5650733eccea","23232759","1756301363","2025-08-27 13:29:23","0xde83cf15d27eb4795d4e1d33852bf14caebd2b47","0xa0b86991c6218b36c1d19d4a2e9eb0ce3606eb48","","0","0","0","0.000099109752849104","0.233179872130153","4507.43","","","Transfer"
"0x38a02ff2ad8ac3d0ce561f31eb5f0f6eed01bb09c30a7cedc03e560d99f01595","23233673","1756312391","2025-08-27 16:33:11","0x64dc2572de61efd61a09927794f21d5163153703","0xde83cf15d27eb4795d4e1d33852bf14caebd2b47","","1.707838826123153","0","4018.10747828847","0.000050876981463","0.119700510705266","4507.43","","","Transfer"
"0xb3811ffa8c0ce609eca2093c47ec97992614c8dbec9e46e442c8c0d70dfa7be6","23233916","1756315331","2025-08-27 17:22:11","0xde83cf15d27eb4795d4e1d33852bf14caebd2b47","0xdac17f958d2ee523a2206206994597c13d831ec7","","0","0","0","0.00010880881413645","0.25599927996592","4507.43","","","Transfer"
"0xc4cd22ef9dfd5468e4850d54fd434fad806b57d5a8a135528339ef6c553d8181","23233959","1756315847","2025-08-27 17:30:47","0xffac3a180a68f40d1669e2f90959a0ef93cc5885","0xde83cf15d27eb4795d4e1d33852bf14caebd2b47","","1.042968749934152942","0","2453.83842411216","0.000022530239277","0.0530078843166049","4507.43","","","Transfer"
"0xb1043f52a99c44c92b4398a9a885086123577933904f16bcb631a72ee23ccc3e","23234017","1756316543","2025-08-27 17:42:23","0xde83cf15d27eb4795d4e1d33852bf14caebd2b47","0xdbf13e3a910557ef8b8fc749043aa561cd8c47f1","","0","0.004317661767109535","10.1583526324468","0.00003438684123","0.0809034329162264","4507.43","","","Transfer"
"0xcf1093838a74cc10d07edc3efbb07e137508945d3b7ffe14ad544836462ce2b4","23238621","1756372103","2025-08-28 09:08:23","0xde83cf15d27eb4795d4e1d33852bf14caebd2b47","0xdac17f958d2ee523a2206206994597c13d831ec7","","0","0","0","0.000023313571946665","0.0548508655217538","4512.13","","","Transfer"
"0xcf0e5f198fb5466c81d1efd99423ef9fd9cf15a61a86eced68bb38fb3f103aa5","23238627","1756372175","2025-08-28 09:09:35","0xde83cf15d27eb4795d4e1d33852bf14caebd2b47","0xdac17f958d2ee523a2206206994597c13d831ec7","","0","0","0","0.000022939383763401","0.0539704965346677","4512.13","","","Transfer"
"0x7c083510d1d1d392b05ba0772a7f63e451e9b92e5545ca2b32b1fbc8abeabb07","23238676","1756372763","2025-08-28 09:19:23","0xde83cf15d27eb4795d4e1d33852bf14caebd2b47","0xdac17f958d2ee523a2206206994597c13d831ec7","","0","0","0","0.000025956176791712","0.0610682381026012","4512.13","","","Transfer"
"0x22922dee0120f875f4f64ab5b1aba6a33c2177793d0c31cd5475259af5484770","23239204","1756379099","2025-08-28 11:04:59","0x0f776cc057622f0da2f257d2b987a7cf3386b7cc","0xde83cf15d27eb4795d4e1d33852bf14caebd2b47","","0.56503079","0","1329.37277688903","0.000006713813631","0.0157958844511074","4512.13","","","Transfer"
"0xbde886e51d7c0185e8c2f1b082932a845d6940f53aaf389051faa6d2f6dab18e","23239599","1756383923","2025-08-28 12:25:23","0x0f776cc057622f0da2f257d2b987a7cf3386b7cc","0xde83cf15d27eb4795d4e1d33852bf14caebd2b47","","0.14245527","0","335.160775685121","0.00001018009671","0.0239511610196882","4512.13","","","Transfer"
"0xa3478e48832771b19d82039d3bc19d50c88a05e6158fe57ae9019491298a6ec6","23240079","1756389695","2025-08-28 14:01:35","0xde83cf15d27eb4795d4e1d33852bf14caebd2b47","0x92cf08268837a8431de6e9bc57d9984a63854720","","0","0.017837460733375159","41.9669779549111","0.000036604573005","0.0861211879488801","4512.13","","","Transfer"
"0x94a3a410e597240a291fa507d1718b32ce9f815237fd8070503e6764d94834c4","23240664","1756396739","2025-08-28 15:58:59","0xde83cf15d27eb4795d4e1d33852bf14caebd2b47","0xdac17f958d2ee523a2206206994597c13d831ec7","","0","0","0","0.000082224269001485","0.193452652040741","4512.13","","","Transfer"
"0x5c4f780819e3dde910eaf3526d3c87026057796d6c0a0dd77a416858e98cae59","23240728","1756397519","2025-08-28 16:11:59","0xde83cf15d27eb4795d4e1d33852bf14caebd2b47","0x3097e1eec91d91c2d99689468989f30023a1f5df","","0","0.000664661819449007","1.56377907938972","0.00002240821653","0.0527207960359414","4512.13","","","Transfer"
"0x6b931ddb5b230ca3885fc80ba8e155a0e693638cba861435b34a8413db89c7ad","23241033","1756401215","2025-08-28 17:13:35","0xc1da33e8d60daf4f93a52357a57a076f44c45759","0xde83cf15d27eb4795d4e1d33852bf14caebd2b47","","0.42557438","0","1001.26755094785","0.000023622144756","0.0555768583343191","4512.13","","","Transfer"
"0x2c8bc84689098b2401e3b881a4f00bd65aebca234c10c76e5d9085de784a5d2e","23241072","1756401683","2025-08-28 17:21:23","0xde83cf15d27eb4795d4e1d33852bf14caebd2b47","0xd203b95e767faa73076f97633f2436abdf6ad553","","0","0.1","235.274395734971","0.000022322491338","0.0525191066084707","4512.13","","","Transfer"
"0x6b86dfcd566c67a5cfe2b4a0deaa0d97bcfadadba1d58e9596ce621cc9b2db24","23241086","1756401851","2025-08-28 17:24:11","0xde83cf15d27eb4795d4e1d33852bf14caebd2b47","0x6f4e3629949b55ffc1f9538ffc58a6194716b438","","0","0.004467815202306268","10.5116252197812","0.00001883509005","0.0443141443012752","4512.13","","","Transfer"
"0x1e652ce169e22423c9290c75fccdf09e5449ac8f1656db66cbd0cb3111578ce7","23241101","1756402031","2025-08-28 17:27:11","0xd2031e90120afff90cf0f7338b4c8480cc30d553","0xde83cf15d27eb4795d4e1d33852bf14caebd2b47","","0.000000001","0","0.00000235274395734971","0.000016990175118","0.0399735318431879","4512.13","","","Transfer"
"0x4a3a828e29940d5698ce058756c1915fbfdaf9b647bd03c0ad442171bccbe2c0","23241489","1756406723","2025-08-28 18:45:23","0x0f776cc057622f0da2f257d2b987a7cf3386b7cc","0xde83cf15d27eb4795d4e1d33852bf14caebd2b47","","0.5051727","0","1188.54201734304","0.000010029393465","0.0235965948706614","4512.13","","","Transfer"
"0x8c0916bbcd4e3ceaa14f56d563e278acadd62ac58490489ed8090eb930859dc4","23243288","1756428395","2025-08-29 00:46:35","0xd203fed030d1654f9096790a418a6d149b96d553","0xde83cf15d27eb4795d4e1d33852bf14caebd2b47","","0.000000001","0","0.00000235274395734971","0.000006124823334","0.014410141088903","4360.69","","","Transfer"
"0x86c7220a3792e8bc2028175be9dcc2b7c6f351d5dadedba11038c9129a9af6af","23243305","1756428599","2025-08-29 00:49:59","0xd2031e90120afff90cf0f7338b4c8480cc30d553","0xde83cf15d27eb4795d4e1d33852bf14caebd2b47","","0.000001","0","0.00235274395734971","0.000006110203827","0.0143757451321493","4360.69","","","Transfer"
"0xa06aea2521e83600ab0af5899715136d8bf539950550cac04c51fc415dac74b9","23243344","1756429067","2025-08-29 00:57:47","0xf68a4731f0e612919b11ef8bb9dafe3d5ce81cdf","0xde83cf15d27eb4795d4e1d33852bf14caebd2b47","","0.000000001","0","0.00000235274395734971","0.000005514163431","0.012973414692124","4360.69","","","Transfer"
"0x20d22b05521dc2f2c90e18736e790dd88da10b52759fc839cd9bbe5f4d7ca14f","23243625","1756432451","2025-08-29 01:54:11","0xf68a4731f0e612919b11ef8bb9dafe3d5ce81cdf","0xde83cf15d27eb4795d4e1d33852bf14caebd2b47","","0.000000001","0","0.00000235274395734971","0.000004559288013","0.0107268373224027","4360.69","","","Transfer"
"0x874668495999bc051d3e28288aa07cccdfc08c903750d903e35b13fe85b379bd","23246206","1756463555","2025-08-29 10:32:35","0xde83cf15d27eb4795d4e1d33852bf14caebd2b47","0x111111125421ca6dc452d289314280a0f8842a65","","0","2","4705.48791469942","0.000170013671551224","0.399998638408981","4360.69","","","Swap"
"0x6e32ccb702a7b8ef29aa36d927f7c916e7b04fe77add070c1b636667f11e549b","23246221","1756463747","2025-08-29 10:35:47","0xde83cf15d27eb4795d4e1d33852bf14caebd2b47","0xdac17f958d2ee523a2206206994597c13d831ec7","","0","0","0","0.000031394021025652","0.0738620932650125","4360.69","","","Transfer"
"0xbe96b1350dad9b2ae1486ed4f2b7de43546e5ad30b50e923d9264ab9dc0c6629","23246603","1756468343","2025-08-29 11:52:23","0xde83cf15d27eb4795d4e1d33852bf14caebd2b47","0x9526290204b83beb8cc905f0cb96813cee54a989","","0","1.5","3529.11593602456","0.000007649857635","0.0179981563253318","4360.69","","","Transfer"
"0x41cf7f24c40734213e5aaad7279f46f93745c9908e2710d84c2d73bd83ec8705","23246770","1756470371","2025-08-29 12:26:11","0xde83cf15d27eb4795d4e1d33852bf14caebd2b47","0xa0b86991c6218b36c1d19d4a2e9eb0ce3606eb48","","0","0","0","0.000026828674302616","0.0631210013491832","4360.69","","","Transfer"
"0xcfbe5ac39b352e7eb47d4e9d5afe16220e49f40f38bd822bac0715c5f1146293","23246779","1756470479","2025-08-29 12:27:59","0xde83cf15d27eb4795d4e1d33852bf14caebd2b47","0xdac17f958d2ee523a2206206994597c13d831ec7","","0","0","0","0.000027593740412395","0.0649210060159388","4360.69","","","Transfer"
"0xd23c156e801fd423cb06af5a94dcf9e6af2ad09152b10673d5f835bf0d78967a","23247505","1756479203","2025-08-29 14:53:23","0xc1ce616940ec778fcd6f54f4e9672f9440f58363","0xde83cf15d27eb4795d4e1d33852bf14caebd2b47","","0.472912397486902","0","1112.64178554307","0.000036058488207","0.084836390240185","4360.69","","","Transfer"
"0xd147ea7ee8d8622e51a4dc29f3944186e606930ec884590f08a82a32485ba566","23247751","1756482179","2025-08-29 15:42:59","0x0f776cc057622f0da2f257d2b987a7cf3386b7cc","0xde83cf15d27eb4795d4e1d33852bf14caebd2b47","","0.3605874","0","848.369826446443","0.000013703306127","0.0322403706860125","4360.69","","","Transfer"
"0x57b00389577e06a0fd53b7c9a6264cc4dbeef7a81f2cd540eb04bd21bc1bc9cc","23247831","1756483151","2025-08-29 15:59:11","0xde83cf15d27eb4795d4e1d33852bf14caebd2b47","0xdac17f958d2ee523a2206206994597c13d831ec7","","0","0","0","0.000085685832435056","0.201596824492058","4360.69","","","Transfer"
"0xf45dc22e268b8b26bbca7c00a1d2894323d467d142f2db16020532be1e8c03e0","23248293","1756488707","2025-08-29 17:31:47","0xde83cf15d27eb4795d4e1d33852bf14caebd2b47","0xf68a87a5bb6b0287554058f4b8de7def5ae31cdf","","0","2.776405967796755563","6532.17236388349","0.000019549380417","0.0459946866460275","4360.69","","","Transfer"
"0x07dadee9996030e421ec685c31c9d4b626fc20493b2a497c288f739997b88460","23248298","1756488767","2025-08-29 17:32:47","0xde83cf15d27eb4795d4e1d33852bf14caebd2b47","0xdac17f958d2ee523a2206206994597c13d831ec7","","0","0","0","0.000050186516718092","0.118076023948921","4360.69","","","Transfer"
"0x038d7e54a4394753a5351c83292c40eaea334f600acf5a466e7b24d3408529aa","23248300","1756488791","2025-08-29 17:33:11","0xde83cf15d27eb4795d4e1d33852bf14caebd2b47","0xa0b86991c6218b36c1d19d4a2e9eb0ce3606eb48","","0","0","0","0.000054099378874","0.127281986742176","4360.69","","","Transfer"
"0xc827759d1d6277eecf14a9180562f40677e999ea5ceb04f1547656116430e3c8","23248336","1756489223","2025-08-29 17:40:23","0x0f776cc057622f0da2f257d2b987a7cf3386b7cc","0xde83cf15d27eb4795d4e1d33852bf14caebd2b47","","0.04956344","0","116.610083965465","0.000009399075546","0.0221136181955249","4360.69","","","Transfer"
"0x093d9df27cdd947918776f85cd0c14a3790988e4a8c1a0611f3b0e2c0a2988c2","23248969","1756496855","2025-08-29 19:47:35","0xb6d501cb30dd3a21bfe668f5a4167d6f00a6d7ae","0xde83cf15d27eb4795d4e1d33852bf14caebd2b47","","0.248935032221254","0","585.680392831211","0.00001103885664","0.0259716032558097","4360.69","","","Transfer"
"0x4fd9bb8716d6761d61f45cf55d2ae647ad0542beff8564a633662c11d4eaf980","23268308","1756729979","2025-09-01 12:32:59","0xde83cf15d27eb4795d4e1d33852bf14caebd2b47","0x111111125421ca6dc452d289314280a0f8842a65","","0","0.012","28.2329274881965","0.01454088426094127","34.2109775794511","4314.85","","","Swap"
"0x17497dd4389706888d9482d4b42288e5cfa7d30de7406689f585990b40176001","23268317","1756730087","2025-09-01 12:34:47","0xde83cf15d27eb4795d4e1d33852bf14caebd2b47","0x7d1afa7b718fb893db30a3abc0cfc608aacfebb0","","0","0","0","0.00488364976656984","11.4899774781095","4314.85","","","Transfer"
"0x5b929bb2ed38df2c5b808bb420759e411d4fd133203e41e55b6aaa8f17ac0b99","23268463","1756731851","2025-09-01 13:04:11","0x0f776cc057622f0da2f257d2b987a7cf3386b7cc","0xde83cf15d27eb4795d4e1d33852bf14caebd2b47","","0.98511172","0","2317.71564654438","0.001285342969428","3.02408290444366","4314.85","","","Transfer"
"0xa60277f9ca4b70bc51eb5244ca2569d799570a983d8ac4becaa523f8df86f42e","23269046","1756738895","2025-09-01 15:01:35","0xde83cf15d27eb4795d4e1d33852bf14caebd2b47","0x7d1afa7b718fb893db30a3abc0cfc608aacfebb0","","0","0","0","0.00055089961706528","1.29612574515661","4314.85","","","Transfer"
"0x5fedd109e9db288c5b8455beddfe05eca6ba1e10d4e366a54e56653eb702ff7e","23269114","1756739723","2025-09-01 15:15:23","0xde83cf15d27eb4795d4e1d33852bf14caebd2b47","0xa0b86991c6218b36c1d19d4a2e9eb0ce3606eb48","","0","0","0","0.00052284185133004","1.23011300636629","4314.85","","","Transfer"
"0xc402e1d20273e323a75bda77942833c2677dd976d6eff15d098b514c167495db","23269216","1756740947","2025-09-01 15:35:47","0xde83cf15d27eb4795d4e1d33852bf14caebd2b47","0xdac17f958d2ee523a2206206994597c13d831ec7","","0","0","0","0.000385010357075519","0.905830791126481","4314.85","","","Transfer"
"0xd4d2f779737fcae5f4f4007e5a1365a73a56e5444108f5f48482f72fc9cfb332","23269617","1756745795","2025-09-01 16:56:35","0xde83cf15d27eb4795d4e1d33852bf14caebd2b47","0x20d4a18dd80bf62b52da0830e981d2d7ecee4782","","0","0.011485735137341265","27.0229939400989","0.000092791351968","0.218314292637022","4314.85","","","Transfer"
"0x4aca5c1197c76833e6ddedd99ffed063af374794615aadc0c24d3d14829a5a78","23269986","1756750247","2025-09-01 18:10:47","0xde83cf15d27eb4795d4e1d33852bf14caebd2b47","0x4cb1b943e5e71b97dd2b3ab6630654ea079e1053","","0","0.046104575314066642","108.472260976345","0.000060198897276","0.141632591805225","4314.85","","","Transfer"
"0x99e9e477e533bd0e6c8daa3816e0a441ade0ba6f7d173cc6eea0901a8cff5318","23270369","1756754855","2025-09-01 19:27:35","0xde83cf15d27eb4795d4e1d33852bf14caebd2b47","0xdac17f958d2ee523a2206206994597c13d831ec7","","0","0","0","0.000074246625139064","0.174683298649542","4314.85","","","Transfer"
"0x639ef0e5312eb1388da5af9662003d85ff5308a6004280b29b1a7f9a5966fbf9","23270427","1756755551","2025-09-01 19:39:11","0xde83cf15d27eb4795d4e1d33852bf14caebd2b47","0xa0b86991c6218b36c1d19d4a2e9eb0ce3606eb48","","0","0","0","0.000072742947636392","0.171145530491328","4314.85","","","Transfer"
"0x01f78cb60d993f22b98895f7e88efda5f1d97a692c783a3ebfcc6d107f887c66","23274051","1756799555","2025-09-02 07:52:35","0xde83cf15d27eb4795d4e1d33852bf14caebd2b47","0xdac17f958d2ee523a2206206994597c13d831ec7","","0","0","0","0.000028706988661736","0.067540194107606","4326.52","","","Transfer"
"0x59f9731f38816269bfb2d0a19831d566149ccace152a3f8bdbaecfbea937fd00","23274056","1756799615","2025-09-02 07:53:35","0xde83cf15d27eb4795d4e1d33852bf14caebd2b47","0xdac17f958d2ee523a2206206994597c13d831ec7","","0","0","0","0.000023769215625361","0.0559228784335104","4326.52","","","Transfer"
"0xbb00a09e34d3043460fa17888186aa9df998666289b6aa2b67de7683c3cc369f","23274062","1756799687","2025-09-02 07:54:47","0xde83cf15d27eb4795d4e1d33852bf14caebd2b47","0xdac17f958d2ee523a2206206994597c13d831ec7","","0","0","0","0.000021750534048228","0.0511734375510976","4326.52","","","Transfer"
"0xa79b430813351f5ab2d833f79c3d9bd563c472507cdb96e00fd718955a69bf0d","23274701","1756807403","2025-09-02 10:03:23","0xde83cf15d27eb4795d4e1d33852bf14caebd2b47","0xdac17f958d2ee523a2206206994597c13d831ec7","","0","0","0","0.000026930828605998","0.0633613442691825","4326.52","","","Transfer"
"0x2a50a4a2f0596a3c908ab962af1d0ea6e5c3eb2afe0ffa2d27d48627b2c87155","23275946","1756822463","2025-09-02 14:14:23","0xde83cf15d27eb4795d4e1d33852bf14caebd2b47","0xdac17f958d2ee523a2206206994597c13d831ec7","","0","0","0","0.000064227738635282","0.151111423968396","4326.52","","","Transfer"
"0xce6482140a0171f8ba14d6ae3460281355122eddfb54fa6009d2e4a3a91861c1","23277331","1756839155","2025-09-02 18:52:35","0xde83cf15d27eb4795d4e1d33852bf14caebd2b47","0xdac17f958d2ee523a2206206994597c13d831ec7","","0","0","0","0.000047609829414182","0.112013738464667","4326.52","","","Transfer"
"0x20bd1b112b081632b4579f9edccecaf9e5d6458528899e538425c4fd0120beef","23281871","1756893899","2025-09-03 10:04:59","0xde83cf15d27eb4795d4e1d33852bf14caebd2b47","0xdac17f958d2ee523a2206206994597c13d831ec7","","0","0","0","0.000025830304958024","0.0607720939064912","4452.33","","","Transfer"
"0xd40af8097337d14220fe7e5848d8491e216b5d4d66bf1d336ce22c85545cad79","23281882","1756894031","2025-09-03 10:07:11","0xde83cf15d27eb4795d4e1d33852bf14caebd2b47","0xdac17f958d2ee523a2206206994597c13d831ec7","","0","0","0","0.000018606863023854","0.0437771845446063","4452.33","","","Transfer"
"0xf4783b34c2c986b73974f0f909c4d0dca5ef3501adca473d0f606a15feca2a71","23282168","1756897463","2025-09-03 11:04:23","0xde83cf15d27eb4795d4e1d33852bf14caebd2b47","0xa0b86991c6218b36c1d19d4a2e9eb0ce3606eb48","","0","0","0","0.000027073597275352","0.063697242393304","4452.33","","","Transfer"
"0xff000c84993a92f492cf6a5ed4503467e286bd97019eb37759385c59605511cd","23282214","1756898027","2025-09-03 11:13:47","0xc1ce616940ec778fcd6f54f4e9672f9440f58363","0xde83cf15d27eb4795d4e1d33852bf14caebd2b47","","0.699327483914999","0","1645.33851198959","0.000008601881799","0.0202380254244337","4452.33","","","Transfer"
"0x52cbaaa39fc60478f091021b33b8e039ef5513cae27ebc38f4b7ee9e5d32829c","23282968","1756907111","2025-09-03 13:45:11","0xde83cf15d27eb4795d4e1d33852bf14caebd2b47","0xdac17f958d2ee523a2206206994597c13d831ec7","","0","0","0","0.000112733892866388","0.265233985229904","4452.33","","","Transfer"
"0x1cdfd7bcb1a39a26dc9b65b59ae7357979f6d8d1f0601af68a1e845c9b31b6e5","23284048","1756920155","2025-09-03 17:22:35","0x0f776cc057622f0da2f257d2b987a7cf3386b7cc","0xde83cf15d27eb4795d4e1d33852bf14caebd2b47","","1.45162238","0","3415.2957828986","0.000036861739278","0.086726234343715","4452.33","","","Transfer"
"0x21883f78d8b5e74013b84d697bc21af76bca7d614b476108b8c55033bd101a84","23284077","1756920503","2025-09-03 17:28:23","0xde83cf15d27eb4795d4e1d33852bf14caebd2b47","0xdac17f958d2ee523a2206206994597c13d831ec7","","0","0","0","0.000079429882156018","0.186878175275571","4452.33","","","Transfer"
"0x103c8881f13605074644d622f1993002d5fe07869fb617091cce268770e988d1","23289458","1756985363","2025-09-04 11:29:23","0x0f776cc057622f0da2f257d2b987a7cf3386b7cc","0xde83cf15d27eb4795d4e1d33852bf14caebd2b47","","0.25865451","0","608.54783544375","0.000040751637486","0.0958781688472924","4298.54","","","Transfer"
"0x4d26be85b225cc078e67d2522e6f331d06c1ae0a3a8e56004bd5a315caad2731","23289644","1756987655","2025-09-04 12:07:35","0x0f776cc057622f0da2f257d2b987a7cf3386b7cc","0xde83cf15d27eb4795d4e1d33852bf14caebd2b47","","0.25904392","0","609.464017468182","0.00002096195325","0.0493181088431846","4298.54","","","Transfer"
"0x97aec02405c5a0fcae5801f24fe47140fcbea437c6080203185f966abb6d66e1","23289648","1756987703","2025-09-04 12:08:23","0x0f706cf12d64b474774995236c77d7aa9523f7cc","0xde83cf15d27eb4795d4e1d33852bf14caebd2b47","","0","0","0","0.00002170493577","0.0510661564775311","4298.54","","","Transfer"
"0xa75159a2ada2a6af65b59fa405fd3ade9cd9fc07d0197487aa4f86dd5d82aa6c","23289724","1756988627","2025-09-04 12:23:47","0xde83cf15d27eb4795d4e1d33852bf14caebd2b47","0xdac17f958d2ee523a2206206994597c13d831ec7","","0","0","0","0.000077103167944543","0.181404012474043","4298.54","","","Transfer"
"0x7c746dd75e631e6501f47c8c766f559f70ca78da855e4a3f694a0cde4022df98","23290193","1756994303","2025-09-04 13:58:23","0xde83cf15d27eb4795d4e1d33852bf14caebd2b47","0xdac17f958d2ee523a2206206994597c13d831ec7","","0","0","0","0.000105801692653071","0.248924293066884","4298.54","","","Approve"
"0x1ebed65a1043b9363d3e166675470eca811492ab0606de53eaf89523c4bfffbd","23290273","1756995275","2025-09-04 14:14:35","0xde83cf15d27eb4795d4e1d33852bf14caebd2b47","0xa0b86991c6218b36c1d19d4a2e9eb0ce3606eb48","","0","0","0","0.00013124617716584","0.30878865025218","4298.54","","","Transfer"
"0xd52c2c509cfe1af07357ea063698a96201ad2d028c98909635a4e99a9d96d0ab","23290899","1757002799","2025-09-04 16:19:59","0x0f776cc057622f0da2f257d2b987a7cf3386b7cc","0xde83cf15d27eb4795d4e1d33852bf14caebd2b47","","1.66102141","0","3907.958085406","0.000028350894789","0.0667023964002771","4298.54","","","Transfer"
"0x7ca550500c577f4264aba6a23d7b0ccfbf5119504439d7160d4adc92e5113258","23291271","1757007299","2025-09-04 17:34:59","0xde83cf15d27eb4795d4e1d33852bf14caebd2b47","0xa0b86991c6218b36c1d19d4a2e9eb0ce3606eb48","","0","0","0","0.00006412978989186","0.15088097565418","4298.54","","","Transfer"
"0x95c5a9e7c56ebc5bda8bdd96908e706a253cb3971d351e5d6cc304a561abe096","23291277","1757007371","2025-09-04 17:36:11","0xde83cf15d27eb4795d4e1d33852bf14caebd2b47","0xa0b86991c6218b36c1d19d4a2e9eb0ce3606eb48","","0","0","0","0.000070302482292888","0.165403740401277","4298.54","","","Transfer"
"0xe020b4cf83387050148bd5ba03fa8fab97f1727a431114ebc950431cfe00068c","23291280","1757007407","2025-09-04 17:36:47","0xde83cf15d27eb4795d4e1d33852bf14caebd2b47","0xa0b86991c6218b36c1d19d4a2e9eb0ce3606eb48","","0","0","0","0.0000712041146316","0.167525050437933","4298.54","","","Transfer"
"0x66ea7881114cad5b9dc60a0c7c7fc4ed4498267f5eed3e79bbdfe5b7dc4461a8","23291283","1757007443","2025-09-04 17:37:23","0xde83cf15d27eb4795d4e1d33852bf14caebd2b47","0xa0b86991c6218b36c1d19d4a2e9eb0ce3606eb48","","0","0","0","0.000045468606602928","0.10697598943415","4298.54","","","Transfer"
"0x1c511f47c4f31c0b601c275014d762b9218a5249a5fdbbf45a9154558a7bd6d4","23291291","1757007539","2025-09-04 17:38:59","0xde83cf15d27eb4795d4e1d33852bf14caebd2b47","0xa0b86991c6218b36c1d19d4a2e9eb0ce3606eb48","","0","0","0","0.00006886489200866","0.162021458546915","4298.54","","","Transfer"
"0xbe0911cae33846dc8a60b0b877fe4ee2a5b0ce8e9abbefbf888a60bd5de3808e","23291295","1757007587","2025-09-04 17:39:47","0xde83cf15d27eb4795d4e1d33852bf14caebd2b47","0xa0b86991c6218b36c1d19d4a2e9eb0ce3606eb48","","0","0","0","0.00005949218892738","0.139969888008401","4298.54","","","Transfer"
"0x067b2a1a41d0f70fef7a72db8880e2a2481ec15411304e371a6dd18bd9334a0f","23291301","1757007659","2025-09-04 17:40:59","0xde83cf15d27eb4795d4e1d33852bf14caebd2b47","0xa0b86991c6218b36c1d19d4a2e9eb0ce3606eb48","","0","0","0","0.00007106454185476","0.167196671430612","4298.54","","","Transfer"
"0x2ed9544c9db4f193d3366c924656a5329917ef8774fda4b929aedd771c9a06f2","23291305","1757007707","2025-09-04 17:41:47","0xde83cf15d27eb4795d4e1d33852bf14caebd2b47","0xa0b86991c6218b36c1d19d4a2e9eb0ce3606eb48","","0","0","0","0.000063130053062844","0.148528850870773","4298.54","","","Transfer"
"0x00093fc1a2c449e0c219a89eed874003231cba655929aebe6daecfa73307b537","23291335","1757008067","2025-09-04 17:47:47","0xde83cf15d27eb4795d4e1d33852bf14caebd2b47","0xa0b86991c6218b36c1d19d4a2e9eb0ce3606eb48","","0","0","0","0.00004948409770436","0.116423411858836","4298.54","","","Transfer"
"0x85e48804b1c87f2b86c9257aeb1d51fdfc7202b16128a4d16f9ca3a4250e5999","23291341","1757008139","2025-09-04 17:48:59","0xde83cf15d27eb4795d4e1d33852bf14caebd2b47","0x2e1dee213ba8d7af0934c49a23187babeaca8764","","0","0","0","0.00021948983846144","0.516403391139817","4298.54","","","Smart Swap To"
"0xbee8e912cfb1fcc2d0b6a8e28e838819a984e6e4c4c828c1989db98b4b8545bf","23291364","1757008415","2025-09-04 17:53:35","0xde83cf15d27eb4795d4e1d33852bf14caebd2b47","0xdac17f958d2ee523a2206206994597c13d831ec7","","0","0","0","0.00007394993497991","0.173985262670387","4298.54","","","Transfer"
"0x1f16845e0e7d851c2b4ece1b4616ac9bade9e5bb752775ebd251bd993d7e8b7d","23291511","1757010203","2025-09-04 18:23:23","0xde83cf15d27eb4795d4e1d33852bf14caebd2b47","0xa0b86991c6218b36c1d19d4a2e9eb0ce3606eb48","","0","0","0","0.000119889063242288","0.28206826909561","4298.54","","","Transfer"
"0xe3062b9673986a819c0f664ad18c2397bd6d94e6f4e7cf0966e63e5a39cfb775","23291517","1757010275","2025-09-04 18:24:35","0xde83cf15d27eb4795d4e1d33852bf14caebd2b47","0xa0b86991c6218b36c1d19d4a2e9eb0ce3606eb48","","0","0","0","0.00011476502543726","0.270012720112599","4298.54","","","Transfer"
"0x6c2dc7179a637379a76128fb3c7e53a10fff1921af5c841afbd3a8248e652780","23291519","1757010299","2025-09-04 18:24:59","0xde83cf15d27eb4795d4e1d33852bf14caebd2b47","0xa0b86991c6218b36c1d19d4a2e9eb0ce3606eb48","","0","0","0","0.000115177213020648","0.27098249195871","4298.54","","","Transfer"
"0x9ce76634cf3b0558ba96ec2db950078c47f51dd26796a36f6fb64bcc34610870","23291522","1757010335","2025-09-04 18:25:35","0xde83cf15d27eb4795d4e1d33852bf14caebd2b47","0xa0b86991c6218b36c1d19d4a2e9eb0ce3606eb48","","0","0","0","0.00011530486321926","0.271282820192149","4298.54","","","Transfer"
"0x123955d3174649e8adda02e6775701dc0c86ab196c858fa73666f41b75a72792","23291526","1757010383","2025-09-04 18:26:23","0xde83cf15d27eb4795d4e1d33852bf14caebd2b47","0xa0b86991c6218b36c1d19d4a2e9eb0ce3606eb48","","0","0","0","0.00011400527110736","0.268225212703857","4298.54","","","Transfer"
"0x494dbc00aab98c4a7c7b28905c5f8c78c8b04cee7fc714673f7b37ebe5f87d2e","23291529","1757010419","2025-09-04 18:26:59","0xde83cf15d27eb4795d4e1d33852bf14caebd2b47","0xa0b86991c6218b36c1d19d4a2e9eb0ce3606eb48","","0","0","0","0.0001103344531058","0.259588717832156","4298.54","","","Transfer"
"0xf898c38bc0aa469dd6209ed451bd9606c02822a8c1be6deddf032a93c6148441","23291533","1757010467","2025-09-04 18:27:47","0xde83cf15d27eb4795d4e1d33852bf14caebd2b47","0xa0b86991c6218b36c1d19d4a2e9eb0ce3606eb48","","0","0","0","0.0000985177205254","0.231786971658002","4298.54","","","Transfer"
"0xd12e69f133ec1cc1aa2ab58a7454e5fab0329db3a130cf881fba0c3dce00a669","23291538","1757010527","2025-09-04 18:28:47","0xde83cf15d27eb4795d4e1d33852bf14caebd2b47","0xa0b86991c6218b36c1d19d4a2e9eb0ce3606eb48","","0","0","0","0.000093731107965024","0.220525297880403","4298.54","","","Transfer"
"0x51960f9f1664c4454dd387f9b5e7ea8a8a96605366de2f0da38736ee9b37987e","23291541","1757010563","2025-09-04 18:29:23","0xde83cf15d27eb4795d4e1d33852bf14caebd2b47","0xa0b86991c6218b36c1d19d4a2e9eb0ce3606eb48","","0","0","0","0.00009427990668812","0.221816480759969","4298.54","","","Transfer"
"0x0e57b719aae34a286fce3ac5ac5180b17a7c4d50352ea9e1c95e1c1f6dbf331b","23291545","1757010611","2025-09-04 18:30:11","0xde83cf15d27eb4795d4e1d33852bf14caebd2b47","0xa0b86991c6218b36c1d19d4a2e9eb0ce3606eb48","","0","0","0","0.00008284725214766","0.194918371873435","4298.54","","","Transfer"
"0x70534b4d67b833df91286159113060fb2a33b7675b7a40c295b8aa532733cd7e","23291549","1757010659","2025-09-04 18:30:59","0xde83cf15d27eb4795d4e1d33852bf14caebd2b47","0xa0b86991c6218b36c1d19d4a2e9eb0ce3606eb48","","0","0","0","0.00009505789775412","0.223646894539372","4298.54","","","Transfer"
"0xa5bda9bdbe1eebc9c162c306fb0564a75c80956bc99b43bdc546d80ed454c331","23291553","1757010707","2025-09-04 18:31:47","0xde83cf15d27eb4795d4e1d33852bf14caebd2b47","0xa0b86991c6218b36c1d19d4a2e9eb0ce3606eb48","","0","0","0","0.000080125156187832","0.188513977052623","4298.54","","","Transfer"
"0x804fb9467518be43692cc07b87bd570c9882e29b6fe4d411992c480b31d83e93","23291556","1757010743","2025-09-04 18:32:23","0xde83cf15d27eb4795d4e1d33852bf14caebd2b47","0xa0b86991c6218b36c1d19d4a2e9eb0ce3606eb48","","0","0","0","0.00008141283549628","0.191543556764579","4298.54","","","Transfer"
"0x0d6fd1f4ea85b259208e03b43fa862418861d3c8ee3bc979d870f33265ad1ff9","23291559","1757010779","2025-09-04 18:32:59","0xde83cf15d27eb4795d4e1d33852bf14caebd2b47","0xa0b86991c6218b36c1d19d4a2e9eb0ce3606eb48","","0","0","0","0.000081041660196224","0.190670276320255","4298.54","","","Transfer"
"0xfe8f524174ec9298c4fd9f7198c416368aa9d96ee9f827e3827b80a59fcfadb7","23291563","1757010827","2025-09-04 18:33:47","0xde83cf15d27eb4795d4e1d33852bf14caebd2b47","0xa0b86991c6218b36c1d19d4a2e9eb0ce3606eb48","","0","0","0","0.000086826405803472","0.204280301592513","4298.54","","","Transfer"
"0xe7707257fd9ee857d069a87a5c215ecb00823d80537670c2dcd6913a0f875e90","23291569","1757010899","2025-09-04 18:34:59","0xde83cf15d27eb4795d4e1d33852bf14caebd2b47","0xa0b86991c6218b36c1d19d4a2e9eb0ce3606eb48","","0","0","0","0.00009551288158588","0.224717355000238","4298.54","","","Transfer"
"0x58ef9417c8eda282b20e63831da6906bc85258dd2570c4a3d2eaec316fe0f754","23291572","1757010935","2025-09-04 18:35:35","0xde83cf15d27eb4795d4e1d33852bf14caebd2b47","0xa0b86991c6218b36c1d19d4a2e9eb0ce3606eb48","","0","0","0","0.000097510658001296","0.229417611389743","4298.54","","","Transfer"
"0xec6d5a66a27c833c8430f6c6e260a2104bd977a6203da5097fc24ff4ea53ba47","23291589","1757011139","2025-09-04 18:38:59","0xde83cf15d27eb4795d4e1d33852bf14caebd2b47","0xa0b86991c6218b36c1d19d4a2e9eb0ce3606eb48","","0","0","0","0.0000939021218091","0.220927649668676","4298.54","","","Transfer"
"0x8331b495f7d431e43c42ce0e6b4bd45fcfe98d82e1ab7ba11b0490e0248a4e66","23291593","1757011187","2025-09-04 18:39:47","0xde83cf15d27eb4795d4e1d33852bf14caebd2b47","0xa0b86991c6218b36c1d19d4a2e9eb0ce3606eb48","","0","0","0","0.0000886541056247","0.208580411302756","4298.54","","","Transfer"
"0x7b91ff883cf2a9cdf0b7ef87038f663ad8e77732fa5246c96ad861a03c4328ad","23291597","1757011235","2025-09-04 18:40:35","0xde83cf15d27eb4795d4e1d33852bf14caebd2b47","0xa0b86991c6218b36c1d19d4a2e9eb0ce3606eb48","","0","0","0","0.00008729042708606","0.205372024861203","4298.54","","","Transfer"
"0x846834f220007d23fdaa6ac46758bb51d71546ffa455185e64f0f6696d3065af","23291609","1757011379","2025-09-04 18:42:59","0xde83cf15d27eb4795d4e1d33852bf14caebd2b47","0xa0b86991c6218b36c1d19d4a2e9eb0ce3606eb48","","0","0","0","0.00006247455723674","0.146986637026839","4298.54","","","Transfer"
"0x3486f64a8d9f8e4dc0a490b39aaaffe74ec88d5922cb4607f6477dbc372be8c0","23291612","1757011415","2025-09-04 18:43:35","0xde83cf15d27eb4795d4e1d33852bf14caebd2b47","0xa0b86991c6218b36c1d19d4a2e9eb0ce3606eb48","","0","0","0","0.000065659207580448","0.154479303879269","4298.54","","","Transfer"
"0xbab7000aca68fea622de1efd2d4b22ae72cd5d13f25f9e5a87f8cf63809ed615","23291878","1757014631","2025-09-04 19:37:11","0xde83cf15d27eb4795d4e1d33852bf14caebd2b47","0xdac17f958d2ee523a2206206994597c13d831ec7","","0","0","0","0.00005006793288063","0.117797026541893","4298.54","","","Transfer"
"0x7c4f0756d12286d9b99689b0d0e7c6acb997dfc78a790675b9f3f5085b6cab70","23296338","1757068427","2025-09-05 10:33:47","0x0f776cc057622f0da2f257d2b987a7cf3386b7cc","0xde83cf15d27eb4795d4e1d33852bf14caebd2b47","","1.30176065","0","3062.70950320313","0.00000362228853","0.00852231745073466","4307.57","","","Transfer"
"0x405a234728c46c879ed629b93a47b0b5823f6f67177d599f3e920778a1df4600","23296602","1757071619","2025-09-05 11:26:59","0x0f706cf12d64b474774995236c77d7aa9523f7cc","0xde83cf15d27eb4795d4e1d33852bf14caebd2b47","","0","0","0","0.000008420516097","0.0198113183649827","4307.57","","","Transfer"
"0x32f07df4804cf01e310863bbd77de3bf69eabb0a2ae6073f2435d6ceb79c951c","23316402","1757310707","2025-09-08 05:51:47","0xde83cf15d27eb4795d4e1d33852bf14caebd2b47","0xdac17f958d2ee523a2206206994597c13d831ec7","","0","0","0","0.000012353155606834","0.0290638122081794","4306.62","","","Transfer"
"0x876d1b6fef186d0738f79687e93f573053338519f1cfe73323112c28e65a6507","23316425","1757310983","2025-09-08 05:56:23","0xde83cf15d27eb4795d4e1d33852bf14caebd2b47","0xdac17f958d2ee523a2206206994597c13d831ec7","","0","0","0","0.00001664224824481","0.0391549489946905","4306.62","","","Transfer"
"0x1b753f74ab4f15e86818dd634afeb209d1a58a835c6e5e33d0062a0df0eaa09b","23316445","1757311223","2025-09-08 06:00:23","0xde83cf15d27eb4795d4e1d33852bf14caebd2b47","0xdac17f958d2ee523a2206206994597c13d831ec7","","0","0","0","0.00000918877396766","0.0216188324278644","4306.62","","","Transfer"
"0x61b8e59dda0e6c12ce070bbd443e7ff65f9b9cd835181c54fae1ca8596fc9fab","23317717","1757326595","2025-09-08 10:16:35","0xde83cf15d27eb4795d4e1d33852bf14caebd2b47","0xdac17f958d2ee523a2206206994597c13d831ec7","","0","0","0","0.000034817501305517","0.0819166658065708","4306.62","","","Transfer"
"0xba26a4fc37cffb65fc713a240654d1c3e219aeb41c1e942db3b4cba203ac2a32","23317775","1757327291","2025-09-08 10:28:11","0x0f776cc057622f0da2f257d2b987a7cf3386b7cc","0xde83cf15d27eb4795d4e1d33852bf14caebd2b47","","2.13195082","0","5015.93440912176","0.000008498701134","0.0199952677383396","4306.62","","","Transfer"
"0x0b7139862afd7b75b65a51b2830f0ae23cb54ad062de2a93d544b169bbd73e3f","23317859","1757328299","2025-09-08 10:44:59","0x0f706cf12d64b474774995236c77d7aa9523f7cc","0xde83cf15d27eb4795d4e1d33852bf14caebd2b47","","0","0","0","0.000009066164079","0.0213303627532082","4306.62","","","Transfer"
"0xe15f1715384de846031fbe03eaf78fefc257a89e0735da533a254bd413cb8b5c","23318403","1757334839","2025-09-08 12:33:59","0x0f776cc057622f0da2f257d2b987a7cf3386b7cc","0xde83cf15d27eb4795d4e1d33852bf14caebd2b47","","0.54727405","0","1287.5957141518","0.000030049574415","0.0706989546258217","4306.62","","","Transfer"
"0xbf58be10f038601d79828fceadc91a6872b798eda2f4acc7c15c314f73bbd58e","23318752","1757339063","2025-09-08 13:44:23","0xde83cf15d27eb4795d4e1d33852bf14caebd2b47","0xa0b86991c6218b36c1d19d4a2e9eb0ce3606eb48","","0","0","0","0.000159207274678992","0.374573953467114","4306.62","","","Transfer"
"0xb902e3b5e6f0034b1e3294213e38f67e1b327c320e4212e4451ccabb5098da85","23319434","1757347295","2025-09-08 16:01:35","0xde83cf15d27eb4795d4e1d33852bf14caebd2b47","0xa0b86991c6218b36c1d19d4a2e9eb0ce3606eb48","","0","0","0","0.000117868813739488","0.277315139285559","4306.62","","","Transfer"
"0x367c33080b1dc298a39af368633c31eeb8cec95ddee66b0c434d0bce8139599f","23319588","1757349167","2025-09-08 16:32:47","0xc1da33e8d60daf4f93a52357a57a076f44c45759","0xde83cf15d27eb4795d4e1d33852bf14caebd2b47","","0.02232432","0","52.5234089819413","0.000022155415023","0.0521260188179382","4306.62","","","Transfer"
"0xb683d4ffa0c2db2e2d3fbd70249582ff1ad704349ae3597fc2c10bca029b3413","23319603","1757349347","2025-09-08 16:35:47","0x97acda5099fb61f4709d0e007e333b6962e2ecac","0xde83cf15d27eb4795d4e1d33852bf14caebd2b47","","0.230226669554324","0","541.664405614684","0.000021254195109","0.0500056791110315","4306.62","","","Transfer"
"0xab469fa50f3d4747e7aae904be97a562661f93225ae91fca62cf9697ec17df63","23319611","1757349443","2025-09-08 16:37:23","0xde83cf15d27eb4795d4e1d33852bf14caebd2b47","0xdac17f958d2ee523a2206206994597c13d831ec7","","0","0","0","0.000069382257649575","0.163238687432318","4306.62","","","Transfer"
"0x3c39b2df3205e76355143be93826af180cb3ba4f0fea4f32ff97d81d3db4881e","23324746","1757411363","2025-09-09 09:49:23","0xde83cf15d27eb4795d4e1d33852bf14caebd2b47","0xdac17f958d2ee523a2206206994597c13d831ec7","","0","0","0","0.000015785553047621","0.0371393645462136","4310.10","","","Transfer"
"0xecd16d6f562558abe1a81a9228f452988f3fde532e145acdb0a1bca507774433","23324750","1757411411","2025-09-09 09:50:11","0xde83cf15d27eb4795d4e1d33852bf14caebd2b47","0xdac17f958d2ee523a2206206994597c13d831ec7","","0","0","0","0.000015464304728271","0.0363835495040541","4310.10","","","Transfer"
"0xca18948c799f68e73fbbc23ba656d939380df836d6a2e1c8dc5c6b9e67559cd2","23324941","1757413703","2025-09-09 10:28:23","0x0f776cc057622f0da2f257d2b987a7cf3386b7cc","0xde83cf15d27eb4795d4e1d33852bf14caebd2b47","","0.26598791","0","625.801447980578","0.000005246736264","0.0123442270409336","4310.10","","","Transfer"
"0x14bcf80e75296f5b87905a0cd3dec1c2686b3e0c6fc5f71384d6a30e1d0e096a","23325143","1757416127","2025-09-09 11:08:47","0xde83cf15d27eb4795d4e1d33852bf14caebd2b47","0x048e3d2a1c3b7eda547b110fdf9adffdb1437213","","0","0.004594378670450968","10.8093966546799","0.000008044186647","0.0189259115255225","4310.10","","","Transfer"
"0xb0bd6bacc805e7deec9621706ee7d3b520990847eb0fc4482edde88f08526de4","23325332","1757418395","2025-09-09 11:46:35","0xde83cf15d27eb4795d4e1d33852bf14caebd2b47","0xdac17f958d2ee523a2206206994597c13d831ec7","","0","0","0","0.000016136284752623","0.037964546445808","4310.10","","","Transfer"
"0xa4309dde02060bdebfd10c9b9b803900f71ff159026f2d0479b6b02ecdb2f31a","23325587","1757421479","2025-09-09 12:37:59","0xde83cf15d27eb4795d4e1d33852bf14caebd2b47","0xdac17f958d2ee523a2206206994597c13d831ec7","","0","0","0","0.000065081405400746","0.153119883292432","4310.10","","","Transfer"
"0x191985cb8ea81d21b89a03e296657f4e5a5c289922bf484b00abce256187bf38","23325946","1757425799","2025-09-09 13:49:59","0xde83cf15d27eb4795d4e1d33852bf14caebd2b47","0x7ac15e429693ebd14329b7c124a4a629e3b9ec39","","0","0.00688706630613914","16.2035036356356","0.000032223649059","0.0758139956073199","4310.10","","","Transfer"
"0x5c61eb3febadc60844149fafc611e8820316c6625fd8acc77e72e4be8416d748","23326216","1757429039","2025-09-09 14:43:59","0xc1da33e8d60daf4f93a52357a57a076f44c45759","0xde83cf15d27eb4795d4e1d33852bf14caebd2b47","","0.05093942","0","119.847412595899","0.000038287651248","0.0900810401148451","4310.10","","","Transfer"
"0xfbe946e2df3dbf48993028e4d7b2e75b1d8a817811300c3edc83a711429f3cde","23326593","1757433587","2025-09-09 15:59:47","0xde83cf15d27eb4795d4e1d33852bf14caebd2b47","0xa0b86991c6218b36c1d19d4a2e9eb0ce3606eb48","","0","0","0","0.00010382625174878","0.244276586416212","4310.10","","","Transfer"
"0xac47c89ff3759afd21bd7fa9789c1f7e84c574453e22922f87104be79057e18b","23326801","1757436107","2025-09-09 16:41:47","0xf31d1e5ab6a3d4e9f5eea90ba1cda9798fb04b89","0xde83cf15d27eb4795d4e1d33852bf14caebd2b47","","1.1025628460822268","0","2594.04807371826","0.000035852227068","0.0843511105917667","4310.10","","","Transfer"
"0xb2c937d20f305fd55895e2d81e57c7787dbbbbddbfd01f4f438f7228e3d15f3c","23326814","1757436263","2025-09-09 16:44:23","0xca695aaea61007f52bfa01e3f1a1d63fd850a910","0xde83cf15d27eb4795d4e1d33852bf14caebd2b47","","2.280915589255866","0","5366.41036984649","0.000026136884004","0.0614933959043613","4310.10","","","Transfer"
"0xd318a84dda572bf39ab9df36658dd198ea24c100835a9144fc26cd71a1252b3c","23326857","1757436779","2025-09-09 16:52:59","0x26743d88d656b044427d924942f73bfdec0b5cb6","0xde83cf15d27eb4795d4e1d33852bf14caebd2b47","","0.211828969492458","0","498.379327964997","0.000023226915243","0.0546469844858421","4310.10","","","Transfer"
"0xb2c6866ddccb73d4437c8bb9316f7bab98e50cda35061ec91699b1531229c9e7","23327113","1757439863","2025-09-09 17:44:23","0xde83cf15d27eb4795d4e1d33852bf14caebd2b47","0xa0b86991c6218b36c1d19d4a2e9eb0ce3606eb48","","0","0","0","0.00006312567001312","0.14851853867702","4310.10","","","Transfer"
"0x577797915d893cf0b9db46ec6a95939944e49eada20c665230b3d34e9140f1fc","23327253","1757441555","2025-09-09 18:12:35","0x129bc2ff92f35e0c6ab400473a8b6470b2e154f6","0xde83cf15d27eb4795d4e1d33852bf14caebd2b47","","0.483559436125513","0","1137.69154136373","0.00001064027034","0.0250338317470023","4310.10","","","Transfer"
"0x5b3dabab4b2c08425efc686a2368af17eef2c6c2f09abe8ce2e2c5632a25d715","23327779","1757447879","2025-09-09 19:57:59","0xde83cf15d27eb4795d4e1d33852bf14caebd2b47","0x86db1d235bd335f8f83a3c7e2ae34797c71bec9f","","0","0.004654835363682186","10.951635774361","0.000009175085661","0.0215866273470837","4310.10","","","Transfer"
"0x9c53e5906aefb81b65ef7747f515da7b0788be84d202d2b65f4f54e1729f32ca","23327783","1757447927","2025-09-09 19:58:47","0x86d517d09f4ffe6c185635d42d4c055007896c9f","0xde83cf15d27eb4795d4e1d33852bf14caebd2b47","","0","0","0","0.0000075841164","0.0178434840319368","4310.10","","","Transfer"
"0x0750e92b818c38d12709b7dc21807ee944cad445dc0ffb9597174131a0d949ce","23327801","1757448143","2025-09-09 20:02:23","0x86dbd30a333151ec62f0bd077d2ba3649eeaec9f","0xde83cf15d27eb4795d4e1d33852bf14caebd2b47","","0.000000001","0","0.00000235274395734971","0.000008348862564","0.0196427359481942","4310.10","","","Transfer"
"0x798f6bff9fee088672075db3a3a67a8b72f7410c5f9a55badf0dfd07c26b4b48","23331276","1757490239","2025-09-10 07:43:59","0xde83cf15d27eb4795d4e1d33852bf14caebd2b47","0xdac17f958d2ee523a2206206994597c13d831ec7","","0","0","0","0.000015288888182118","0.0359708392850735","4350.10","","","Transfer"
"0x9d982a04fd1ccee4536c9898eda95c2cc0426cd6c592dacb7fe65f2185cdcd0a","23331285","1757490347","2025-09-10 07:45:47","0xde83cf15d27eb4795d4e1d33852bf14caebd2b47","0xdac17f958d2ee523a2206206994597c13d831ec7","","0","0","0","0.000016045438218719","0.0377508078121192","4350.10","","","Transfer"
"0xc2a1aaa4cc288db183c6c52fc592c10f4745d7e2b5eadf20ad0080dea9b15094","23331289","1757490395","2025-09-10 07:46:35","0xde83cf15d27eb4795d4e1d33852bf14caebd2b47","0xdac17f958d2ee523a2206206994597c13d831ec7","","0","0","0","0.000013115378267505","0.0308571269672281","4350.10","","","Transfer"
"0xdc974d860df4a2803588211e4d45838a041d35b9ea51b7c8231caf84ec8956f2","23331294","1757490455","2025-09-10 07:47:35","0xde83cf15d27eb4795d4e1d33852bf14caebd2b47","0xdac17f958d2ee523a2206206994597c13d831ec7","","0","0","0","0.000013867424918445","0.0326265001808723","4350.10","","","Transfer"
"0xec9b1fa8ba47b833d6d0c969663164c81ea71381822f2bb056da9a4b26a65ab3","23331537","1757493395","2025-09-10 08:36:35","0xde83cf15d27eb4795d4e1d33852bf14caebd2b47","0x111111125421ca6dc452d289314280a0f8842a65","","0","3","7058.23187204913","0.00007081772092191","0.166615964972302","4350.10","","","Swap"
"0xb1800147759a6faf7eb5ced2cee62d5b75c1006b74710b5433f7f25def786b53","23331650","1757494751","2025-09-10 08:59:11","0xde83cf15d27eb4795d4e1d33852bf14caebd2b47","0xdac17f958d2ee523a2206206994597c13d831ec7","","0","0","0","0.000011816804698783","0.0278019158502434","4350.10","","","Transfer"
"0xe8b3012afc232d67ae678a47992670bc0aa22f089df89e83909e8f9a38d92cd5","23332176","1757501123","2025-09-10 10:45:23","0xde83cf15d27eb4795d4e1d33852bf14caebd2b47","0xdac17f958d2ee523a2206206994597c13d831ec7","","0","0","0","0.000013205474200165","0.0310690996283757","4350.10","","","Transfer"
"0x65f02f67e1b1ef329e4be7dddef200f796f92ba68680e5a6e65012491866bbf0","23332323","1757502935","2025-09-10 11:15:35","0xde83cf15d27eb4795d4e1d33852bf14caebd2b47","0xdac17f958d2ee523a2206206994597c13d831ec7","","0","0","0","0.00002086396097016","0.0490875580989241","4350.10","","","Transfer"
"0x07c855567ddad0040a4098212e94ad06f463f770b0ace68809feb8b7fa13b630","23332626","1757506595","2025-09-10 12:16:35","0xde83cf15d27eb4795d4e1d33852bf14caebd2b47","0xa0b86991c6218b36c1d19d4a2e9eb0ce3606eb48","","0","0","0","0.000065081272426122","0.153119570437189","4350.10","","","Approve"
"0x799191d43da37d7be86fb720b312f06034f05783422d2b2da0ce4e5bbb35694a","23332705","1757507555","2025-09-10 12:32:35","0xde83cf15d27eb4795d4e1d33852bf14caebd2b47","0x111111125421ca6dc452d289314280a0f8842a65","","0","0","0","0.000924542597555046","2.17521200971004","4350.10","Error(0)","execution reverted","Swap"
"0xc4423c9ee5e4a496e52b1420900d92d8cac2126d198705379ab682e4fd436807","23332789","1757508587","2025-09-10 12:49:47","0xde83cf15d27eb4795d4e1d33852bf14caebd2b47","0x111111125421ca6dc452d289314280a0f8842a65","","0","3","7058.23187204913","0.000423445537325494","0.996258929209257","4350.10","","","Swap"
"0x9d3ed55a2634628e317d51e777f785ef14c09dada0dd9f04227fac6460c9e18d","23332847","1757509283","2025-09-10 13:01:23","0xde83cf15d27eb4795d4e1d33852bf14caebd2b47","0xdac17f958d2ee523a2206206994597c13d831ec7","","0","0","0","0.000046612226515341","0.109666634272584","4350.10","","","Transfer"
"0x82564304f47b838cffbf8b08b638be57c98e8715dd5b4ce7a3190eb85f11926d","23333547","1757517827","2025-09-10 15:23:47","0xde83cf15d27eb4795d4e1d33852bf14caebd2b47","0x5ccf4e15b4caf856804cf5450f50e3239d7b4d5f","","0","0.002268561453827847","5.33734425236994","0.000057793497006","0.135973300854975","4350.10","","","Transfer"
"0xfac0a93d86132051deeb6457e86162641a8565f0bbe402e568c37f40fd77ad6f","23333683","1757519471","2025-09-10 15:51:11","0xc1da33e8d60daf4f93a52357a57a076f44c45759","0xde83cf15d27eb4795d4e1d33852bf14caebd2b47","","0.51716362","0","1216.7535819161","0.000032330475198","0.0760653301603392","4350.10","","","Transfer"
"0x044a5461fdca6f4e5d69f48c72095be812667a8d9db9dc0b4e6846c6ade9cff3","23333930","1757522495","2025-09-10 16:41:35","0xde83cf15d27eb4795d4e1d33852bf14caebd2b47","0x837df00e9b77f594b36772a56c98893a7ba05ded","","0","0.004577383040905843","10.7694102899663","0.000043973999643","0.103459561940567","4350.10","","","Transfer"
"0xc4a6ba9e4f422112a951e799e27bfad5379dd490971078a5e1828e68f9323fe3","23334332","1757527415","2025-09-10 18:03:35","0xde83cf15d27eb4795d4e1d33852bf14caebd2b47","0xdac17f958d2ee523a2206206994597c13d831ec7","","0","0","0","0.000067104092326732","0.157878747735156","4350.10","","","Transfer"
"0x6f38f9723769b48e48d30e7855778713613b871a9bd95a907a8e92e4ba6bf036","23334426","1757528555","2025-09-10 18:22:35","0xf31d1e5ab6a3d4e9f5eea90ba1cda9798fb04b89","0xde83cf15d27eb4795d4e1d33852bf14caebd2b47","","0.7974792770133197","0","1876.2645501047","0.000018484982229","0.0434904302409965","4350.10","","","Transfer"
"0x1654008e3ebd500edc4707ec466041692aa4a2bb7f39d35c919d1262a6c0f1db","23334918","1757534495","2025-09-10 20:01:35","0x0f776cc057622f0da2f257d2b987a7cf3386b7cc","0xde83cf15d27eb4795d4e1d33852bf14caebd2b47","","0.75803572","0","1783.46395968524","0.00001154680947","0.0271666862072109","4350.10","","","Transfer"
"0x23127fbb13b56c4ed95240d13e155b284a6882b32a8cb9d92fee26c67072e86d","23335014","1757535647","2025-09-10 20:20:47","0xf31d1e5ab6a3d4e9f5eea90ba1cda9798fb04b89","0xde83cf15d27eb4795d4e1d33852bf14caebd2b47","","0.2563001343843948","0","603.008592440803","0.000009148144446","0.0215232415662888","4350.10","","","Transfer"
"0xf6bcd8dca1d945d2dbbdb45c6757d9d904e1a3b254ab1f1c73348133c7b9d91d","23339005","1757583875","2025-09-11 09:44:35","0xde83cf15d27eb4795d4e1d33852bf14caebd2b47","0xa0b86991c6218b36c1d19d4a2e9eb0ce3606eb48","","0","0","0","0.00002187192299534","0.0514590346629044","4461.11","","","Transfer"
"0x74ef8a69cc1c79667a992e951b09f0971e3ae6bb1b794873f7c7f872e4eb569a","23339030","1757584175","2025-09-11 09:49:35","0xde83cf15d27eb4795d4e1d33852bf14caebd2b47","0xdac17f958d2ee523a2206206994597c13d831ec7","","0","0","0","0.000018163737459126","0.0427346235498453","4461.11","","","Transfer"
"0x79acb818328421bde0c8dd702caa24fc2b0471dfd0370c7a0fcb45954bff572e","23339041","1757584307","2025-09-11 09:51:47","0xde83cf15d27eb4795d4e1d33852bf14caebd2b47","0xdac17f958d2ee523a2206206994597c13d831ec7","","0","0","0","0.000014978224639188","0.0352399275116761","4461.11","","","Transfer"
"0x570c25ca28b49036b787b4c20abc239ddfaf99657026147c3fabd721f3f95cb3","23339045","1757584355","2025-09-11 09:52:35","0xde83cf15d27eb4795d4e1d33852bf14caebd2b47","0xdac17f958d2ee523a2206206994597c13d831ec7","","0","0","0","0.000019282196059252","0.0453660702628375","4461.11","","","Transfer"
"0x0d95daffdc25ee9274b4c5518016fa06601e660c4e517eba122932da8fb5fe3a","23339055","1757584475","2025-09-11 09:54:35","0xde83cf15d27eb4795d4e1d33852bf14caebd2b47","0x187fe1a8b76c60b85c00a2819152ff00ff642386","","0","5","11763.7197867486","0.00001083370869","0.0254889426560845","4461.11","","","Transfer"
"0x1fb06e839fb11029835d5d58468cece8ee55b671968e1a6e494720e5a21d520c","23339112","1757585159","2025-09-11 10:05:59","0xde83cf15d27eb4795d4e1d33852bf14caebd2b47","0xdac17f958d2ee523a2206206994597c13d831ec7","","0","0","0","0.000016406638734414","0.0386006201428122","4461.11","","","Transfer"
"0xddd520b670a8035c0cc768823a84a7913e6cfa3712a654c61eabcfb40cecdae2","23339118","1757585231","2025-09-11 10:07:11","0xde83cf15d27eb4795d4e1d33852bf14caebd2b47","0xdac17f958d2ee523a2206206994597c13d831ec7","","0","0","0","0.00002413914690586","0.0567932320183391","4461.11","","","Transfer"
"0xd2574a0908166af19195e83f84ccc85f4b8ab3ef613a5a1b7c94ed31f7aebdf9","23339427","1757588987","2025-09-11 11:09:47","0xc1ce616940ec778fcd6f54f4e9672f9440f58363","0xde83cf15d27eb4795d4e1d33852bf14caebd2b47","","0.240599846759548","0","566.069835602793","0.000007704632964","0.0181270286496484","4461.11","","","Transfer"
"0xc9c1e1249ad59dfe4477bea7adad25957068a2d79d881ade04a4f73ca7a51043","23339681","1757592035","2025-09-11 12:00:35","0xde83cf15d27eb4795d4e1d33852bf14caebd2b47","0x25bd0c5521b4f90f639a0a139feb03a5a8677ff0","","0","0.011281884698536733","26.5433860519985","0.000010220660163","0.0240465964386232","4461.11","","","Transfer"
"0xc85b52974fe943de95781ddb0179bc865b0d552a97059c1787456b3a06cb0a36","23340152","1757597699","2025-09-11 13:34:59","0x25bd1ceaa61b0fd988ab5b12c02cd86f49f87ff0","0xde83cf15d27eb4795d4e1d33852bf14caebd2b47","","0.0000001","0","0.000235274395734971","0.000012887895111","0.0303219173453621","4461.11","","","Transfer"
"0xa9d16d1c559868429f20baf621755d9d82567323f1ecbeca8c3a5a6bdadeacb4","23340178","1757598011","2025-09-11 13:40:11","0x25bd3f88f8c0956fe4169a73ddd7e9f1aa287ff0","0xde83cf15d27eb4795d4e1d33852bf14caebd2b47","","0.000000001","0","0.00000235274395734971","0.000013934428893","0.032784143377125","4461.11","","","Transfer"
"0x1349f0fb724834f191ae7da18e606b56f1f74a47c95576c1eadc79319e057d5e","23340274","1757599163","2025-09-11 13:59:23","0xde83cf15d27eb4795d4e1d33852bf14caebd2b47","0xa2cfe01ec1e363b7dd9ae04df337a49d60113134","","0","0.011281884698536733","26.5433860519985","0.000025118496081","0.0590973898722851","4461.11","","","Transfer"
"0xbb7d7ee0302ed5fdf3f0c1195c72a6a47b4f03f3e75a413a285179873af42ecb","23340602","1757603111","2025-09-11 15:05:11","0xdf8e18677ace1f6e5f329b160a28202654cf0d37","0xde83cf15d27eb4795d4e1d33852bf14caebd2b47","","0.230926842228256424","0","543.31173264238","0.000022508800755","0.0529574449635148","4461.11","","","Transfer"
"0x23fbca4c3f8fbf02d895a811b8975a0c7737673b7b5852b702fef39fe43bb50a","23341008","1757608031","2025-09-11 16:27:11","0x0f776cc057622f0da2f257d2b987a7cf3386b7cc","0xde83cf15d27eb4795d4e1d33852bf14caebd2b47","","0.30823465","0","725.197210233303","0.000015038794911","0.0353824338526768","4461.11","","","Transfer"
"0xcf114ec80cfaa7a0c32821c30e48d58c276750ff04a534b35605633aed923a1f","23341221","1757610587","2025-09-11 17:09:47","0xc1ce616940ec778fcd6f54f4e9672f9440f58363","0xde83cf15d27eb4795d4e1d33852bf14caebd2b47","","0.009508452301429","0","22.370953695935","0.000012557363679","0.02954426151601","4461.11","","","Transfer"
"0x761219e07faff3e10410bf2e521160840b1f3cd884b3963d3ee786325868cb10","23341303","1757611583","2025-09-11 17:26:23","0xde83cf15d27eb4795d4e1d33852bf14caebd2b47","0xdac17f958d2ee523a2206206994597c13d831ec7","","0","0","0","0.000031917386699106","0.0750934386907156","4461.11","","","Transfer"
"0xa9ab10c352ae48e1dbac6c35d0959fab3bf3b40de65b8290799f0c1727cc77f0","23341364","1757612315","2025-09-11 17:38:35","0xde83cf15d27eb4795d4e1d33852bf14caebd2b47","0xdac17f958d2ee523a2206206994597c13d831ec7","","0","0","0","0.000029477955630833","0.0693540819854652","4461.11","","","Transfer"
"0x77d46617c06ea4aca9eca05264917f6b473e4005085fa95c4dfd3a93dbbf4bd4","23341365","1757612327","2025-09-11 17:38:47","0xde83cf15d27eb4795d4e1d33852bf14caebd2b47","0xdac17f958d2ee523a2206206994597c13d831ec7","","0","0","0","0.000020934109251482","0.0492525990439229","4461.11","","","Transfer"
"0xecb738379de417c7de2152b3cdb4d58a0060d3409e1cb838d944d87593906691","23341479","1757613707","2025-09-11 18:01:47","0xde83cf15d27eb4795d4e1d33852bf14caebd2b47","0x2a6ae957cc67ff4476d7471c3f617a0ef6451221","","0","0.004510661854310561","10.612432421377","0.000008830232103","0.0207752752223287","4461.11","","","Transfer"
"0x55a9813601c0248de3662d110f666963b6096665d3da55708b1e04fbdd3dfb49","23341484","1757613767","2025-09-11 18:02:47","0x2a61ba8b5dbefda75c29c37d83a2203641e07221","0xde83cf15d27eb4795d4e1d33852bf14caebd2b47","","0","0","0","0.000007502386248","0.0176511939106856","4461.11","","","Transfer"
"0x4286c42316ed6176a05775fdcd32286245971f23489f04454008f0d4d47b090c","23341501","1757613971","2025-09-11 18:06:11","0x2a6aadd1a98c6aee49addf17e739455f2ca01221","0xde83cf15d27eb4795d4e1d33852bf14caebd2b47","","0","0","0","0.000007725107859","0.018175200835137","4461.11","","","Transfer"
"0xd737981d785019da4240101236be76de5f802f33c198dd60bbbb043b3b865e1b","23346232","1757671055","2025-09-12 09:57:35","0xde83cf15d27eb4795d4e1d33852bf14caebd2b47","0xdac17f958d2ee523a2206206994597c13d831ec7","","0","0","0","0.000019668989418043","0.0462760960004761","4715.14","","","Transfer"
"0x5b3107da00778346db3715069d0575fe34b15e46166ba357801d9060129a75e0","23346367","1757672687","2025-09-12 10:24:47","0xde83cf15d27eb4795d4e1d33852bf14caebd2b47","0xdac17f958d2ee523a2206206994597c13d831ec7","","0","0","0","0.000017123923916942","0.0402882085217015","4715.14","","","Transfer"
"0xee2d8aac531a73b9e67c42ce775e12f8bf05dd175c3737589ad46cb01f03faab","23347243","1757683199","2025-09-12 13:19:59","0x28c6c06298d514db089934071355e5743bf21d60","0xde83cf15d27eb4795d4e1d33852bf14caebd2b47","","0.474","0","1115.20063578376","0.000029629116531","0.0697097248799207","4715.14","","","Transfer"
"0xdea179551adf7fdb24bd2c37f7444415c497fb9aede05287ac6e2f5cbbbce543","23347372","1757684759","2025-09-12 13:45:59","0xde83cf15d27eb4795d4e1d33852bf14caebd2b47","0xdac17f958d2ee523a2206206994597c13d831ec7","","0","0","0","0.000051351556234155","0.120817063630412","4715.14","","","Transfer"
"0x94c26a0a9a011df2a8d89a85f4edb621010aef6f3fbdbab1c99134743e546ff1","23348121","1757693831","2025-09-12 16:17:11","0xde83cf15d27eb4795d4e1d33852bf14caebd2b47","0xdac17f958d2ee523a2206206994597c13d831ec7","","0","0","0","0.000037988216910977","0.0893765477877912","4715.14","","","Transfer"
"0x4a2d3aa8352f65fa72cbea02409abd1b578376503ec76c9f886fa35e7956dc0f","23348371","1757696843","2025-09-12 17:07:23","0xde83cf15d27eb4795d4e1d33852bf14caebd2b47","0x6a2d42f14db74539cf779157eee0b29c5b99fa2e","","0","0.002188377584512314","5.1486921383609","0.000012405391887","0.0291867108006944","4715.14","","","Transfer"
"0xb84ec799ea238337cf82d017c45f46b030b0de83f1e8f6c446a7d5e566fff1a7","23348562","1757699135","2025-09-12 17:45:35","0xcc9a9d61be4fea994eaf3f0a59f14bd2040ae827","0xde83cf15d27eb4795d4e1d33852bf14caebd2b47","","0.30154778501654","0","709.464729049854","0.000028282207506","0.0665407928102521","4715.14","","","Transfer"
"0x7bfd440d0ef3cdbfa3ae5b1cdd82db98054f9e64ab49b512c5e0f6e4ef5c596a","23348745","1757701331","2025-09-12 18:22:11","0x6a2d9dba6b77c8f531dea30191104abb44d5fa2e","0xde83cf15d27eb4795d4e1d33852bf14caebd2b47","","0.0000001","0","0.000235274395734971","0.000016671041562","0.0392226922977214","4715.14","","","Transfer"
"0xcf4050dc67e186b0ef58675c928138c37b144fa98c8e61e4e0d1f1d350bff9fc","23348763","1757701547","2025-09-12 18:25:47","0x6a2dec8caa0703b61f84428ee05d516827b2fa2e","0xde83cf15d27eb4795d4e1d33852bf14caebd2b47","","0.000000001","0","0.00000235274395734971","0.000017986119984","0.0423167351085229","4715.14","","","Transfer"
"0xbed489c666546da892c4dbb8e2cb2a5ab7c8042dd012968f9266003aa74a8a74","23348886","1757703023","2025-09-12 18:50:23","0xde83cf15d27eb4795d4e1d33852bf14caebd2b47","0xdac17f958d2ee523a2206206994597c13d831ec7","","0","0","0","0.000043831629084195","0.103124600468634","4715.14","","","Transfer"
"0x5b3cbb162fc287060001dfc7cfeb7206a6fa5f668c8af6eb448df78e3fdf2eb1","23366379","1757913923","2025-09-15 05:25:23","0xde83cf15d27eb4795d4e1d33852bf14caebd2b47","0xdac17f958d2ee523a2206206994597c13d831ec7","","0","0","0","0.000007425106174124","0.0174693736838503","4525.27","","","Transfer"
"0x6d6a8723a953a29366904141b78cf33ba8ce5d771e81be7f74ef74a8ae21c0e5","23367554","1757928131","2025-09-15 09:22:11","0xde83cf15d27eb4795d4e1d33852bf14caebd2b47","0xdac17f958d2ee523a2206206994597c13d831ec7","","0","0","0","0.00003727641326617","0.087701856063652","4525.27","","","Transfer"
"0x99a6ebeb3b4b2fede3837ebe1c06520dbf542fa658b0f5d3fce00ba83a29056f","23367558","1757928179","2025-09-15 09:22:59","0xde83cf15d27eb4795d4e1d33852bf14caebd2b47","0x2e1dee213ba8d7af0934c49a23187babeaca8764","","0","4","9410.97582939884","0.000097399269776148","0.229155543416106","4525.27","","","Uniswap V3Swap To"
"0x7928dd8ca3074e82f53cb3c385388b3ed0a4dbbc594b506be9438bc6e6cd7a68","23367631","1757929055","2025-09-15 09:37:35","0xde83cf15d27eb4795d4e1d33852bf14caebd2b47","0xdac17f958d2ee523a2206206994597c13d831ec7","","0","0","0","0.000034315187345618","0.080734849672726","4525.27","","","Transfer"
"0xc2abfe41e3f46b9c190d46625b9925aa4475d21178a5d6d5b8351b7bdd4245cc","23368174","1757935619","2025-09-15 11:26:59","0xcc9a9d61be4fea994eaf3f0a59f14bd2040ae827","0xde83cf15d27eb4795d4e1d33852bf14caebd2b47","","0.295300948860752","0","694.76752303177","0.000020023334646","0.0471097795943676","4525.27","","","Transfer"
"0x09386c1eb3b95b2faf17cdaabd2613113a8872efbfbf252b0d401abe67545d1b","23368742","1757942483","2025-09-15 13:21:23","0xcc9a9d61be4fea994eaf3f0a59f14bd2040ae827","0xde83cf15d27eb4795d4e1d33852bf14caebd2b47","","0.14680828325681","0","345.402301321344","0.000070984052349","0.167007300232305","4525.27","","","Transfer"
"0xd5b1a25fbe6171a4f14ca050ae680258ceaf8d638917e94999188bb3500d127a","23368779","1757942927","2025-09-15 13:28:47","0xde83cf15d27eb4795d4e1d33852bf14caebd2b47","0xdac17f958d2ee523a2206206994597c13d831ec7","","0","0","0","0.000267468736029338","0.62928545247299","4525.27","","","Transfer"
"0xeab6d649d8b7f836a3684b4eb7dc52b8d7e9b8b4ed01ce543e8c53272626e501","23368942","1757944907","2025-09-15 14:01:47","0xf31d1e5ab6a3d4e9f5eea90ba1cda9798fb04b89","0xde83cf15d27eb4795d4e1d33852bf14caebd2b47","","0.4070094098805958","0","957.588929681043","0.000059787691593","0.140665130119319","4525.27","","","Transfer"
"0xde730eca5db2cd0150b4f54c4ad4b0f7ed4ff15a159e9af1de8798817c60acf1","23368949","1757944991","2025-09-15 14:03:11","0xde83cf15d27eb4795d4e1d33852bf14caebd2b47","0x86efd881a9a15d51f8b169763eaad1ff387e49b4","","0","0.0055185200322471","12.9836646593827","0.000086773271773072","0.204155290823559","4525.27","","","Transfer"
"0xd17dc1bfb15d8d4c5f61bd0eda321e2580f16960763c5de56ecb2cbaf7c2650b","23369743","1757954579","2025-09-15 16:42:59","0x0f776cc057622f0da2f257d2b987a7cf3386b7cc","0xde83cf15d27eb4795d4e1d33852bf14caebd2b47","","1.01263676","0","2382.47501808019","0.000133095735864","0.313140188303039","4525.27","","","Transfer"
"0x3f3141ba74a5aaca1ee840a2c732764125584905e9ba87388556f5531fa14c67","23370241","1757960627","2025-09-15 18:23:47","0xde83cf15d27eb4795d4e1d33852bf14caebd2b47","0xdac17f958d2ee523a2206206994597c13d831ec7","","0","0","0","0.00010083674448917","0.237243041275711","4525.27","","","Transfer"
"0x529156aff81841667e83faa90006e29beab8c3b3f1575f80531a76a08a6b582d","23370293","1757961251","2025-09-15 18:34:11","0xf31d1e5ab6a3d4e9f5eea90ba1cda9798fb04b89","0xde83cf15d27eb4795d4e1d33852bf14caebd2b47","","0.26388567769932597","0","620.855433638222","0.000025081632282","0.0590106587919429","4525.27","","","Transfer"
"0x9ab8ff6be039ca0c6bc8fdd3067d57936cea61255eabbd485d7cb6010aa93d13","23373970","1758005747","2025-09-16 06:55:47","0xde83cf15d27eb4795d4e1d33852bf14caebd2b47","0xdac17f958d2ee523a2206206994597c13d831ec7","","0","0","0","0.000038963705074518","0.0916716216700285","4503.26","","","Transfer"
"0xf30eeb267ecb759ffa761a2a43c41d40cc60deba446e934cc1fd02ef95df1a9d","23373974","1758005795","2025-09-16 06:56:35","0xde83cf15d27eb4795d4e1d33852bf14caebd2b47","0xdac17f958d2ee523a2206206994597c13d831ec7","","0","0","0","0.000046005705398567","0.108239645380089","4503.26","","","Transfer"
"0x5c985058822eaabdc12253545257419103a2efc01bdcac909fe80da9b865724e","23373977","1758005831","2025-09-16 06:57:11","0xde83cf15d27eb4795d4e1d33852bf14caebd2b47","0xdac17f958d2ee523a2206206994597c13d831ec7","","0","0","0","0.000035266068102449","0.0829720286275202","4503.26","","","Transfer"
"0xa159622ba2e885e3e9b1fc946606d8786e5903fa7b7e3a1ef566d873f369b89d","23373980","1758005867","2025-09-16 06:57:47","0xde83cf15d27eb4795d4e1d33852bf14caebd2b47","0xdac17f958d2ee523a2206206994597c13d831ec7","","0","0","0","0.000051638513209193","0.121492199919452","4503.26","","","Transfer"
"0x19ad8c2061569212045178879a1c89c4c20c401df507f4fe0f886baa8276b037","23375401","1758022991","2025-09-16 11:43:11","0xde83cf15d27eb4795d4e1d33852bf14caebd2b47","0xdac17f958d2ee523a2206206994597c13d831ec7","","0","0","0","0.000078620453652881","0.184973797255909","4503.26","","","Transfer"
"0x98468418d9ff987804cbef3037d5d265ecfb5323789109f28474bb465904093f","23375653","1758026027","2025-09-16 12:33:47","0xcc9a9d61be4fea994eaf3f0a59f14bd2040ae827","0xde83cf15d27eb4795d4e1d33852bf14caebd2b47","","0.146089832436285","0","343.711970494701","0.000024242233092","0.0570357674198662","4503.26","","","Transfer"
"0xeaa889af8bd0ee69617b4b04f00b1d93a668651121f12bd66902fac27366e4a2","23376523","1758036467","2025-09-16 15:27:47","0xde83cf15d27eb4795d4e1d33852bf14caebd2b47","0xdac17f958d2ee523a2206206994597c13d831ec7","","0","0","0","0.000150470930323884","0.354019572076307","4503.26","","","Transfer"
"0x4361e71266fbcee4123f0e70edc68f0f6fe6cbc95e82ff02652cd8aefd452ccb","23376730","1758038951","2025-09-16 16:09:11","0xf31d1e5ab6a3d4e9f5eea90ba1cda9798fb04b89","0xde83cf15d27eb4795d4e1d33852bf14caebd2b47","","0.31585851889138666","0","743.134221699139","0.00003943208388","0.0927735970743769","4503.26","","","Transfer"
"0x06f4d86889bca0690f3a78c1eb464d8fa221861afcde77b22d81d3a4cc443ccd","23376991","1758042119","2025-09-16 17:01:59","0x0f776cc057622f0da2f257d2b987a7cf3386b7cc","0xde83cf15d27eb4795d4e1d33852bf14caebd2b47","","0.04635948","0","109.071986435875","0.00003658270266","0.0860697326268362","4503.26","","","Transfer"
"0xfc09122d939a72d34ccbb8be4a9137497d700b60f4232bb5b6b8d8d8f8850b8a","23377055","1758042887","2025-09-16 17:14:47","0xde83cf15d27eb4795d4e1d33852bf14caebd2b47","0xdac17f958d2ee523a2206206994597c13d831ec7","","0","0","0","0.000079769739920766","0.18767777357794","4503.26","","","Transfer"
"0x32664c6a21bab7a00091f0b3079f6c107a90353ce43c5ede92212dc79b3cc03c","23377058","1758042923","2025-09-16 17:15:23","0xde83cf15d27eb4795d4e1d33852bf14caebd2b47","0xdac17f958d2ee523a2206206994597c13d831ec7","","0","0","0","0.000075214245003722","0.176959860439128","4503.26","","","Transfer"
"0x6af4033011aca98156dc2c80066abf86f29b098fed32ab86a9566d9b94e69804","23377062","1758042971","2025-09-16 17:16:11","0xde83cf15d27eb4795d4e1d33852bf14caebd2b47","0xdac17f958d2ee523a2206206994597c13d831ec7","","0","0","0","0.000082201859716759","0.193399928731513","4503.26","","","Transfer"
"0xff01ed5092725a278115f6c1c89f580ba4b1dc5290b85e1acaa0d62054d30f73","23377066","1758043019","2025-09-16 17:16:59","0xde83cf15d27eb4795d4e1d33852bf14caebd2b47","0xdac17f958d2ee523a2206206994597c13d831ec7","","0","0","0","0.000087682778772786","0.206295127921304","4503.26","","","Transfer"
"0x287f5291851144df2367812900f1476aa59430e9d87a217569f6c6ac2977bf9b","23377070","1758043067","2025-09-16 17:17:47","0xde83cf15d27eb4795d4e1d33852bf14caebd2b47","0xdac17f958d2ee523a2206206994597c13d831ec7","","0","0","0","0.000088242662009797","0.207612389824003","4503.26","","","Transfer"
"0xf3d999b296dd586d256c079f240d23ea0e5f1f6f795938f2c3eae62bac793bf7","23377074","1758043115","2025-09-16 17:18:35","0xde83cf15d27eb4795d4e1d33852bf14caebd2b47","0xdac17f958d2ee523a2206206994597c13d831ec7","","0","0","0","0.000073905309118375","0.173880269444319","4503.26","","","Transfer"
"0xfb9aa114c8043dd5be59845b7fbf24203ff942acc6b3aaff031ab66a9dc1fcac","23377344","1758046379","2025-09-16 18:12:59","0xde83cf15d27eb4795d4e1d33852bf14caebd2b47","0xdac17f958d2ee523a2206206994597c13d831ec7","","0","0","0","0.000058824118495947","0.138398089337763","4503.26","","","Transfer"
"0x92bc7928344b781108db50d8a98bfc094be1bdf7e40ef80555052df44462d2c3","23377422","1758047315","2025-09-16 18:28:35","0xdf8e18677ace1f6e5f329b160a28202654cf0d37","0xde83cf15d27eb4795d4e1d33852bf14caebd2b47","","0.298773097781928","0","702.936600425085","0.000019102218072","0.0449426281408744","4503.26","","","Transfer"
"0xc371a8a28564806e1407ace3c2219a3618847d517ac6bef8942bf96ebdbddcea","23381295","1758093959","2025-09-17 07:25:59","0xde83cf15d27eb4795d4e1d33852bf14caebd2b47","0xa0b86991c6218b36c1d19d4a2e9eb0ce3606eb48","","0","0","0","0.00002790288694578","0.065648348654296","4592.35","","","Transfer"
"0xa3968366ef7e5086235be9c73437e69b011e45ee84f45f05af0fa3b8dec14b1d","23381388","1758095075","2025-09-17 07:44:35","0xde83cf15d27eb4795d4e1d33852bf14caebd2b47","0xdac17f958d2ee523a2206206994597c13d831ec7","","0","0","0","0.000019261219127899","0.045316716914353","4592.35","","","Transfer"
"0x99e1c324cd75a911a04d81ad4c072b113a11e4721ba0ea03e8c7590f33699847","23382692","1758110771","2025-09-17 12:06:11","0xde83cf15d27eb4795d4e1d33852bf14caebd2b47","0xa0b86991c6218b36c1d19d4a2e9eb0ce3606eb48","","0","0","0","0.00002860675093914","0.0673043604114698","4592.35","","","Transfer"
"0xca3a96bbf6cb54656c4d32327f80f71899449e1a4f04fd93d458dab80c8fb8f8","23382706","1758110939","2025-09-17 12:08:59","0xde83cf15d27eb4795d4e1d33852bf14caebd2b47","0xdac17f958d2ee523a2206206994597c13d831ec7","","0","0","0","0.000021609104208888","0.0508406893512014","4592.35","","","Transfer"
"0x6fa3ed4884b576bf4bf90b3f082e3d19b478adb28c4df1c15563c9a134a468a0","23382840","1758112547","2025-09-17 12:35:47","0x56eddb7aa87536c09ccc2793473599fd21a8b17f","0xde83cf15d27eb4795d4e1d33852bf14caebd2b47","","0.0158","0","37.1733545261254","0.00001602310395","0.0376982609963488","4592.35","","","Transfer"
"0x710af8e6c5f46939448cb68a2f248cf5793f21f298116322fc625b29b222112d","23383155","1758116363","2025-09-17 13:39:23","0xcc9a9d61be4fea994eaf3f0a59f14bd2040ae827","0xde83cf15d27eb4795d4e1d33852bf14caebd2b47","","0.146379298323729","0","344.393009612244","0.000017181382806","0.0404233945757287","4592.35","","","Transfer"
"0x4e5931690932d5a2f303caef2037702e6d00e782b877830a95c8cd0665599ba8","23383546","1758121091","2025-09-17 14:58:11","0xf31d1e5ab6a3d4e9f5eea90ba1cda9798fb04b89","0xde83cf15d27eb4795d4e1d33852bf14caebd2b47","","0.7505565047486918","0","1765.867281197","0.000017496918096","0.0411657683226068","4592.35","","","Transfer"
"0xcb0ef998c9dbfe57f94432d502c05ffa401361964d1876a05501f7ba068a776d","23383720","1758123203","2025-09-17 15:33:23","0xf31d1e5ab6a3d4e9f5eea90ba1cda9798fb04b89","0xde83cf15d27eb4795d4e1d33852bf14caebd2b47","","0.21581947859975967","0","507.76797415395","0.000031247446608","0.0735172411895797","4592.35","","","Transfer"
"0x96c4f7d5363e3178df3d630bfea2203f0f74eb7d6b4de27ca342109bdd15e72d","23384078","1758127511","2025-09-17 16:45:11","0xde83cf15d27eb4795d4e1d33852bf14caebd2b47","0xdac17f958d2ee523a2206206994597c13d831ec7","","0","0","0","0.000107315210651808","0.252485213392752","4592.35","","","Transfer"
"0xc7135f867c8b5b0a89e7ebfdd327e637e08a7a903c445383bab06f3533e3f45c","23384086","1758127607","2025-09-17 16:46:47","0xcc9a9d61be4fea994eaf3f0a59f14bd2040ae827","0xde83cf15d27eb4795d4e1d33852bf14caebd2b47","","0.200655505815473","0","472.091028816304","0.000030499291095","0.0717570228272111","4592.35","","","Transfer"
"0x4fa1a2db0a9eb9ff9ef138ad88c08f47b971b09bc34d9d7f76ce60bd2917c18c","23384478","1758132335","2025-09-17 18:05:35","0xde83cf15d27eb4795d4e1d33852bf14caebd2b47","0xdac17f958d2ee523a2206206994597c13d831ec7","","0","0","0","0.000078009245925923","0.183535781969623","4592.35","","","Transfer"
"0x932501d6458cceb60813bd3d79d341e014672672a9312b08e2fa0a0053000065","23387877","1758173327","2025-09-18 05:28:47","0xde83cf15d27eb4795d4e1d33852bf14caebd2b47","0xdac17f958d2ee523a2206206994597c13d831ec7","","0","0","0","0.000037586859076955","0.088432255569061","4589.64","","","Transfer"
"0xc477dafbb8062a16a819a90a86178d3f8ee0d312a78a77933381e3d61ddc29e2","23389264","1758190055","2025-09-18 10:07:35","0xde83cf15d27eb4795d4e1d33852bf14caebd2b47","0xdac17f958d2ee523a2206206994597c13d831ec7","","0","0","0","0.000403515794603011","0.949369347447401","4589.64","","","Transfer"
"0x55d52b8addbd32e6a2a7df4ad139d694ceb0533e514e47a35cb1ef2002a866a1","23390145","1758200711","2025-09-18 13:05:11","0xde83cf15d27eb4795d4e1d33852bf14caebd2b47","0xdac17f958d2ee523a2206206994597c13d831ec7","","0","0","0","0.000280408323516328","0.659728988743603","4589.64","","","Transfer"
"0x08f9e86acfdc650ad3f2087bfe27122b60b246a44b87630b3e05f57e02a2118b","23390361","1758203303","2025-09-18 13:48:23","0xde83cf15d27eb4795d4e1d33852bf14caebd2b47","0x3097e1eec91d91c2d99689468989f30023a1f5df","","0","0.002188905332238197","5.14993379363398","0.000088025604303","0.20710170861594","4589.64","","","Transfer"
"0x0fc27639b4f4ce162f90ab8f81af9b016e7fbf295cf901a0954887d9eba66ed1","23390605","1758206231","2025-09-18 14:37:11","0x1966dc5829ecc3c8ce267b4c4c5e8ba005347226","0xde83cf15d27eb4795d4e1d33852bf14caebd2b47","","0.140736514904534","0","331.1169850201","0.000058234882692","0.137011768360572","4589.64","","","Transfer"
"0x45f08b9559561875fbf6f76fa090ad2805a833c7efa80a89c1de9aa045cee7cd","23390825","1758208883","2025-09-18 15:21:23","0x1966dc5829ecc3c8ce267b4c4c5e8ba005347226","0xde83cf15d27eb4795d4e1d33852bf14caebd2b47","","1.206365738872104","0","2838.26970248506","0.000098311764936","0.231302410889559","4589.64","","","Transfer"
"0xcef980c6f915aa02e9ab8de089eb9837d78f6ec51fa0a009130b0900a05eeb39","23391182","1758213203","2025-09-18 16:33:23","0x94f12a745159df5dc6b05420f4ccc1b8253cf709","0xde83cf15d27eb4795d4e1d33852bf14caebd2b47","","0.073215520883359","0","172.257374342534","0.000072371424027","0.170271430564318","4589.64","","","Transfer"
"0xefc19caa724b5f06b5f6395753b22e6ba6d0c4f588d9e22a82810a4940534b0e","23391523","1758217331","2025-09-18 17:42:11","0x0f776cc057622f0da2f257d2b987a7cf3386b7cc","0xde83cf15d27eb4795d4e1d33852bf14caebd2b47","","0.60437447","0","1421.93838226893","0.00006626300646","0.15589988804459","4589.64","","","Transfer"
"0x878f1123afd23fe5d84c6bf022c26c438d5ce7edc15c3cab4f26d050bd3b30fc","23391887","1758221699","2025-09-18 18:54:59","0xf31d1e5ab6a3d4e9f5eea90ba1cda9798fb04b89","0xde83cf15d27eb4795d4e1d33852bf14caebd2b47","","0.682354317353245","0","1605.40499692433","0.00002460883467","0.0578982870672605","4589.64","","","Transfer"
"0x2736af5d65249aeddbc6695df7e719c8217b4cacba30d03e1cc33b9bd8a68e27","23392203","1758225527","2025-09-18 19:58:47","0x09268b1c27107584b83189a290e2b71181f8830b","0xde83cf15d27eb4795d4e1d33852bf14caebd2b47","","0.141351941766618","0","332.564926851059","0.000015849540777","0.0372899112898546","4589.64","","","Transfer"
"0xff430bba7e90a38c884412b8022905192e2cbc50c54121d5b717472a4c43feff","23395318","1758263111","2025-09-19 06:25:11","0xde83cf15d27eb4795d4e1d33852bf14caebd2b47","0xdac17f958d2ee523a2206206994597c13d831ec7","","0","0","0","0.000021694306771508","0.0510411491655563","4471.56","","","Transfer"
"0xe74b0e81331a117c4249cc520ab30b42cf2b130f6739b5823863061ca2ad5c50","23395538","1758265751","2025-09-19 07:09:11","0xde83cf15d27eb4795d4e1d33852bf14caebd2b47","0xdac17f958d2ee523a2206206994597c13d831ec7","","0","0","0","0.000019483159416181","0.0458388855865009","4471.56","","","Transfer"
"0x2c39da6fded43c27519c6f11ed9907c67b2fc52b1af84672938e6a30ffa9cbd8","23395545","1758265835","2025-09-19 07:10:35","0xde83cf15d27eb4795d4e1d33852bf14caebd2b47","0xdac17f958d2ee523a2206206994597c13d831ec7","","0","0","0","0.000015865775401345","0.0373281072041821","4471.56","","","Transfer"
"0x8e0f24960292bf450eaa9f656a08593c13753f78dfd3ec5f306e1db07c0e4889","23395850","1758269519","2025-09-19 08:11:59","0xde83cf15d27eb4795d4e1d33852bf14caebd2b47","0xdac17f958d2ee523a2206206994597c13d831ec7","","0","0","0","0.000019600074768316","0.046113957474758","4471.56","","","Transfer"
"0xbd08025be2c7439d64c2d1403d2751904cdc36c17396c09fd7b874d716b26fac","23395854","1758269567","2025-09-19 08:12:47","0xde83cf15d27eb4795d4e1d33852bf14caebd2b47","0xdac17f958d2ee523a2206206994597c13d831ec7","","0","0","0","0.00001574748181461","0.0370497926827981","4471.56","","","Transfer"
"0x4fb0ed2ee9fa9a0a5b1128548cc0856378fdad0243ab13ad0a22fe33590fecaa","23396181","1758273503","2025-09-19 09:18:23","0xde83cf15d27eb4795d4e1d33852bf14caebd2b47","0xa0b86991c6218b36c1d19d4a2e9eb0ce3606eb48","","0","0","0","0.00003333038993152","0.0784178735074933","4471.56","","","Transfer"
"0x6665dccec46396bb381c789c868685415ced9a7404eaaee9cf27415fbc605570","23396318","1758275159","2025-09-19 09:45:59","0xde83cf15d27eb4795d4e1d33852bf14caebd2b47","0xdac17f958d2ee523a2206206994597c13d831ec7","","0","0","0","0.000037187483469512","0.0874926270219366","4471.56","","","Transfer"
"0xa772c1ed57e1cc997cfe5cd0bf7beaa1de100390dbf5c1ce28f8264f593e4dbb","23396553","1758278015","2025-09-19 10:33:35","0xc1da33e8d60daf4f93a52357a57a076f44c45759","0xde83cf15d27eb4795d4e1d33852bf14caebd2b47","","2.01992576","0","4752.36812613502","0.000006715450602","0.015799735824736","4471.56","","","Transfer"
"0x51891c67b29e7f1d495b444338a04a55d021643cdc48c11619b99a91f868fc02","23396965","1758282971","2025-09-19 11:56:11","0xde83cf15d27eb4795d4e1d33852bf14caebd2b47","0xdac17f958d2ee523a2206206994597c13d831ec7","","0","0","0","0.000059378374385769","0.139702111533367","4471.56","","","Transfer"
"0xd1d92a007ce3fc880988c64d90897bee856d1cf9fc7610f079b59297b7fea023","23397067","1758284195","2025-09-19 12:16:35","0x3097e1eec91d91c2d99689468989f30023a1f5df","0xde83cf15d27eb4795d4e1d33852bf14caebd2b47","","0.09960997162222586","0","234.356758825968","0.000011757052923","0.027661335220829","4471.56","","","Transfer"
"0xb374b281dcfabd73e3dc07b4a47b6bd471c875c57ead7041d8185e92364eb51b","23397343","1758287519","2025-09-19 13:11:59","0xf31d1e5ab6a3d4e9f5eea90ba1cda9798fb04b89","0xde83cf15d27eb4795d4e1d33852bf14caebd2b47","","0.28104309032326596","0","661.222432512953","0.000008327971449","0.0195935845036157","4471.56","","","Transfer"
"0x044e61a4af8dd5a11b3f2c1a8defd1873bdc787e56aed8fdaaf876df093f9422","23397651","1758291239","2025-09-19 14:13:59","0x1966dc5829ecc3c8ce267b4c4c5e8ba005347226","0xde83cf15d27eb4795d4e1d33852bf14caebd2b47","","0.136108339114893","0","320.22807239747","0.00004403384391","0.103600360178133","4471.56","","","Transfer"
"0x656076c8d550eae05bca726c63fd14e86759bcac77d2f0bdbaeeddf6843bb54b","23397807","1758293147","2025-09-19 14:45:47","0xf31d1e5ab6a3d4e9f5eea90ba1cda9798fb04b89","0xde83cf15d27eb4795d4e1d33852bf14caebd2b47","","0.17703501752646675","0","416.518067724695","0.00003559857483","0.083754331821544","4471.56","","","Transfer"
"0x977ab90bdd5c3669c63a7c3ea8d855328c5ebf82e01a0a107224bac09c5f7572","23398056","1758296147","2025-09-19 15:35:47","0xf31d1e5ab6a3d4e9f5eea90ba1cda9798fb04b89","0xde83cf15d27eb4795d4e1d33852bf14caebd2b47","","0.4979109867931877","0","1171.4570654757","0.000031963533042","0.0752020092201133","4471.56","","","Transfer"
"0xff2245cdb59ada336bf727814aa5667091af8cbe4328dd647dd5689da335c41c","23398313","1758299231","2025-09-19 16:27:11","0x92c3dd167435760d70a3f86d423bd872aa8fbe3f","0xde83cf15d27eb4795d4e1d33852bf14caebd2b47","","0.23570840349177","0","554.561522011809","0.000015318679236","0.0360409300070775","4471.56","","","Transfer"
"0x9fda3ccc2911078e253ae0c1ac76a1ad1666fcdf2a080608461645a382df491c","23398361","1758299807","2025-09-19 16:36:47","0xf31d1e5ab6a3d4e9f5eea90ba1cda9798fb04b89","0xde83cf15d27eb4795d4e1d33852bf14caebd2b47","","0.1561172306587478","0","367.30387107054","0.000013749046437","0.0323479859239723","4471.56","","","Transfer"
"0x9d080fcadb76d59c7c7dc57a0cd214d8e45868e2d1fcf7de59dcc7b43e4bba6c","23398653","1758303335","2025-09-19 17:35:35","0xf31d1e5ab6a3d4e9f5eea90ba1cda9798fb04b89","0xde83cf15d27eb4795d4e1d33852bf14caebd2b47","","0.11185457116075963","0","263.16516640042","0.000025772210835","0.060635413309589","4471.56","","","Transfer"
"0x3d0c5ec66ceb7d2bc1626aeabc0b08ad43f6eae2bcad0593bf93459bb2ea22be","23398710","1758304031","2025-09-19 17:47:11","0x1966dc5829ecc3c8ce267b4c4c5e8ba005347226","0xde83cf15d27eb4795d4e1d33852bf14caebd2b47","","0.460576452283664","0","1083.61846500796","0.000039386798619","0.0926670524502021","4471.56","","","Transfer"
"0xab33ef696e8e1724e9358072af859cdd89bc0a51f47708b7755ee2154fa5f626","23398837","1758305567","2025-09-19 18:12:47","0xde83cf15d27eb4795d4e1d33852bf14caebd2b47","0xd6472cc783c21791166a04fed6ac076e1f11138c","","0","0.004476715653554701","10.5325657026737","0.00006915563256","0.162705496622237","4471.56","","","Transfer"
"0xb804f4590abca46ad720bfb6586086f080c2c5f00905efff6d62442d6bfb513e","23415227","1758503711","2025-09-22 01:15:11","0x0f776cc057622f0da2f257d2b987a7cf3386b7cc","0xde83cf15d27eb4795d4e1d33852bf14caebd2b47","","0.44051157","0","1036.41093446013","0.00000459608583","0.0108134131639931","4202.86","","","Transfer"
"0xbe801e0e14518af62e8e69fd051ab710a783746d68787d2945556b4f49db61db","23416954","1758524579","2025-09-22 07:02:59","0xde83cf15d27eb4795d4e1d33852bf14caebd2b47","0xdac17f958d2ee523a2206206994597c13d831ec7","","0","0","0","0.000069376474311316","0.163225080718176","4202.86","","","Transfer"
"0xd4b5ea727d40600659803aab22402512df6c5b3d24a64cd40ec58272e28087b8","23416959","1758524639","2025-09-22 07:03:59","0xde83cf15d27eb4795d4e1d33852bf14caebd2b47","0xdac17f958d2ee523a2206206994597c13d831ec7","","0","0","0","0.00153890922256058","3.62065937428914","4202.86","","","Transfer"
"0x865ae7c806f61a5c54417d98bc580430acc5b833afd96fb7662099913c13be3e","23417409","1758530135","2025-09-22 08:35:35","0xde83cf15d27eb4795d4e1d33852bf14caebd2b47","0xdac17f958d2ee523a2206206994597c13d831ec7","","0","0","0","0.000032159512634914","0.0756630990231056","4202.86","","","Transfer"
"0xab4f30d5371994950524a55ba4e235920e9d07832845deb1d7f02141007aa00a","23417412","1758530171","2025-09-22 08:36:11","0xde83cf15d27eb4795d4e1d33852bf14caebd2b47","0xdac17f958d2ee523a2206206994597c13d831ec7","","0","0","0","0.000040785894299612","0.0959587663585161","4202.86","","","Transfer"
"0x55a6cc7a4b1469855e642898404a562c7597b9ed933f5a25efcd6bef6d70c8b8","23417416","1758530219","2025-09-22 08:36:59","0xde83cf15d27eb4795d4e1d33852bf14caebd2b47","0xdac17f958d2ee523a2206206994597c13d831ec7","","0","0","0","0.00004411827666239","0.103799008826121","4202.86","","","Transfer"
"0x2fe139acdeb23d8f85eb59205c5f65456605d707b6ec8477d9f078c392560536","23418535","1758543719","2025-09-22 12:21:59","0x0f776cc057622f0da2f257d2b987a7cf3386b7cc","0xde83cf15d27eb4795d4e1d33852bf14caebd2b47","","2.44463651","0","5751.60377681898","0.000010195044825","0.0239863301069282","4202.86","","","Transfer"
"0xa391c1412477de5575e068b05f9fc9cf7475d47b4de5b77c2bcefefe2b50340a","23418594","1758544427","2025-09-22 12:33:47","0x0f776cc057622f0da2f257d2b987a7cf3386b7cc","0xde83cf15d27eb4795d4e1d33852bf14caebd2b47","","0.149111","0","350.820004224373","0.000010039456014","0.0236202694720167","4202.86","","","Transfer"
"0xe975ee5592794f28e0be411598c64148d2ab149f4aeb39cff1034f5d76679297","23418753","1758546359","2025-09-22 13:05:59","0x1966dc5829ecc3c8ce267b4c4c5e8ba005347226","0xde83cf15d27eb4795d4e1d33852bf14caebd2b47","","0.305960410283498","0","719.846506482738","0.000013319552484","0.0313374966213333","4202.86","","","Transfer"
"0xde733aed5b47a7124fc4765beb74ff2d18a8e7f096e8814f0c24e50e4e84c831","23418800","1758546935","2025-09-22 13:15:35","0xd1d58ff6a78b115ef13e2d02495d2482b5742b56","0xde83cf15d27eb4795d4e1d33852bf14caebd2b47","","0.458071893196639","0","1077.72587875013","0.000016319380749","0.0383953244448989","4202.86","","","Transfer"
"0x5430baca68c8e812b0ac6cde49e5514cd9900e4275794da851bee56fec51eba6","23418987","1758549191","2025-09-22 13:53:11","0x038672a6c7e8f791fa8a613629e4a142bb39ef29","0xde83cf15d27eb4795d4e1d33852bf14caebd2b47","","1.125758952090472","0","2648.6225719632","0.000014833213563","0.034898753578426","4202.86","","","Transfer"
"0x20d9a2ab92351d8f8a40c56906057e522a0004e03e9c7d8b0c623f66d5ca83f3","23419088","1758550403","2025-09-22 14:13:23","0xc7565265b1f942ae2a15ba7c9aa0bde798c54e72","0xde83cf15d27eb4795d4e1d33852bf14caebd2b47","","0.5432870172235061","0","1278.21524687915","0.000020480528292","0.0481854391823328","4202.86","","","Transfer"
"0xc0d50bfbf293ae5538b31284af72402641add1776bdaaa08b1498c362a7dd49c","23419741","1758558299","2025-09-22 16:24:59","0xc7565265b1f942ae2a15ba7c9aa0bde798c54e72","0xde83cf15d27eb4795d4e1d33852bf14caebd2b47","","1.0004450676454963","0","2353.79108756326","0.000016125878937","0.0379400642259797","4202.86","","","Transfer"
"0x45c446691690af384422bdef1a5ca34628a5cf047ceee5162351331e6cc3eabd","23419948","1758560795","2025-09-22 17:06:35","0xc7565265b1f942ae2a15ba7c9aa0bde798c54e72","0xde83cf15d27eb4795d4e1d33852bf14caebd2b47","","1.5428811458543166","0","3630.00429281754","0.000014558390595","0.0342521655011231","4202.86","","","Transfer"
"0x4570bf2d6083326bc03dc75426b9c99f4d196a6a6042eadb61cc84c50d12cb6b","23420087","1758562463","2025-09-22 17:34:23","0x4a38cdea4c1a7cd576418ac1cac0d35942790d1f","0xde83cf15d27eb4795d4e1d33852bf14caebd2b47","","1.076331647753353","0","2532.33278035596","0.000011514469638","0.0270905988628912","4202.86","","","Transfer"
"0x29e29198ca7ebae1f4c9ae6c0e5592ac228cb6737d8489b35a48334af014410d","23420194","1758563771","2025-09-22 17:56:11","0xde83cf15d27eb4795d4e1d33852bf14caebd2b47","0xdac17f958d2ee523a2206206994597c13d831ec7","","0","0","0","0.00003405531646298","0.0801234400239083","4202.86","","","Transfer"
"0xcbeace189fef931dbabe2d6d05d6350c41112679b387b2f600827356d14e89b2","23420420","1758566483","2025-09-22 18:41:23","0x038672a6c7e8f791fa8a613629e4a142bb39ef29","0xde83cf15d27eb4795d4e1d33852bf14caebd2b47","","0.2508251141038866","0","590.127271559471","0.000009188192244","0.0216174637810385","4202.86","","","Transfer"
"0xca78cb66cb75884ee87d020590e3a76b58055ebf3018c29915a8b8de2abfb669","23420438","1758566699","2025-09-22 18:44:59","0x038672a6c7e8f791fa8a613629e4a142bb39ef29","0xde83cf15d27eb4795d4e1d33852bf14caebd2b47","","0.1148959000273414","0","270.320634513584","0.00000914464194","0.0215150010664617","4202.86","","","Transfer"
"0xa4a863dcca1303ae66edcbcea8ea9de341d1820953b22c892d946eb9b77d1478","23420500","1758567443","2025-09-22 18:57:23","0x04eb4be076aa4593e0571dc97094e09be88a11a8","0xde83cf15d27eb4795d4e1d33852bf14caebd2b47","","0.02524414696421101","0","59.3930142284955","0.000008973942621","0.0211133892751608","4202.86","","","Transfer"
"0x8d8637df46e18503c7299870f717371347cba0c3380d42e3690c777516d49b03","23420813","1758571199","2025-09-22 19:59:59","0x175ffecec9fcfc5a18d9d05cf984e0815cde8d97","0xde83cf15d27eb4795d4e1d33852bf14caebd2b47","","0.163427351776694","0","384.502714358282","0.000011880118677","0.0279508774299092","4202.86","","","Transfer"
"0xf953437cf5060959ba6133f727317b3f3e2c8392ad9f4d376a419d475dcc650e","23424535","1758616091","2025-09-23 08:28:11","0xde83cf15d27eb4795d4e1d33852bf14caebd2b47","0xdac17f958d2ee523a2206206994597c13d831ec7","","0","0","0","0.000012623981242718","0.0297009955865009","4165.70","","","Transfer"
"0xc7e1efcdf8c7c9cbf28e7bdd859178ee7b2ef41cbe6a218006dca6ce76180af2","23425227","1758624419","2025-09-23 10:46:59","0xde83cf15d27eb4795d4e1d33852bf14caebd2b47","0xdac17f958d2ee523a2206206994597c13d831ec7","","0","0","0","0.000028853219302684","0.0678842373644758","4165.70","","","Transfer"
"0xad830e318806997c56ebb2d8eb5b4016838a7911b7d8e17b11f3a5304cdfe892","23426034","1758634175","2025-09-23 13:29:35","0x54d1e2059d75215e6ba54a65189876c8dbbf184a","0xde83cf15d27eb4795d4e1d33852bf14caebd2b47","","0.853577228519039","0","2008.24866652948","0.000009621798396","0.0226376280350261","4165.70","","","Transfer"
"0xb2ea9dbc422d4e7b8a3851a63a7072b4d499c1cdacf127db78068d717cbb84d2","23426648","1758641579","2025-09-23 15:32:59","0x175ffecec9fcfc5a18d9d05cf984e0815cde8d97","0xde83cf15d27eb4795d4e1d33852bf14caebd2b47","","0.354465174959572","0","833.965798477041","0.00003650806446","0.0858941280527987","4165.70","","","Transfer"
"0x05ab000c2e7e983b3dca78de1112e2e9f3acfd457efec9a825790539f4706e5d","23426688","1758642059","2025-09-23 15:40:59","0xb155a266db546ebe27fd1bf9206e11db6c838d43","0xde83cf15d27eb4795d4e1d33852bf14caebd2b47","","0.08950500153948603","0","210.582351524602","0.000026754562002","0.0629466340817437","4165.70","","","Transfer"
"0x073ff83db9486c8173d45b4bee7866f95914328d61c135483a7c0db248a54e9f","23426711","1758642335","2025-09-23 15:45:35","0xcc9a9d61be4fea994eaf3f0a59f14bd2040ae827","0xde83cf15d27eb4795d4e1d33852bf14caebd2b47","","0.459036620942099","0","1079.99563612375","0.000020280014748","0.04771368215332","4165.70","","","Transfer"
"0x9de66eac7b302f3eebae4fd2672fa27759d1f40bb6aba9bc2a1ca31b8eed3f36","23426856","1758644075","2025-09-23 16:14:35","0xde83cf15d27eb4795d4e1d33852bf14caebd2b47","0xa0b86991c6218b36c1d19d4a2e9eb0ce3606eb48","","0","0","0","0.000066864626281392","0.157315345443992","4165.70","","","Transfer"
"0xe31d66d1c6e57fd4d7ca7ee7a8afe23b2f1b9f5d306f782cf39b60573b54ee27","23427050","1758646403","2025-09-23 16:53:23","0xde83cf15d27eb4795d4e1d33852bf14caebd2b47","0x111111125421ca6dc452d289314280a0f8842a65","","0","5","11763.7197867486","0.000529416505419152","1.24558148404611","4165.70","","","Swap"
"0x4edfeb5719fbdd87a69c61f3006d413df627391ddb4795bb3efe52a295eb1ca1","23427058","1758646499","2025-09-23 16:54:59","0xde83cf15d27eb4795d4e1d33852bf14caebd2b47","0xdac17f958d2ee523a2206206994597c13d831ec7","","0","0","0","0.000057921897376014","0.136275394049647","4165.70","","","Transfer"
"0x73d6b15d6fca6bc01573153c4228ac83addc197692e942bb3ef583d1bcfe56f6","23427201","1758648215","2025-09-23 17:23:35","0xde83cf15d27eb4795d4e1d33852bf14caebd2b47","0xdac17f958d2ee523a2206206994597c13d831ec7","","0","0","0","0.000023655069587156","0.0556543220318682","4165.70","","","Transfer"
"0x7eb93c9048ea1acb7abca42b594babf14122f2842066ff2d6dc585f851a58e16","23427304","1758649451","2025-09-23 17:44:11","0x04eb4be076aa4593e0571dc97094e09be88a11a8","0xde83cf15d27eb4795d4e1d33852bf14caebd2b47","","0.184968239579569816","0","435.182907972446","0.00001647414363","0.0387594418779937","4165.70","","","Transfer"
"0xd26594271f9ca40188ae5b925b7b72e968c7c0b7e762ef3c29d3f4c57b83135d","23427373","1758650291","2025-09-23 17:58:11","0xde83cf15d27eb4795d4e1d33852bf14caebd2b47","0xdac17f958d2ee523a2206206994597c13d831ec7","","0","0","0","0.000036199862499163","0.0851690077517961","4165.70","","","Transfer"
"0x3c1e91c099abef7b5aab3845bd92773ac337a96fa677f965306b6f204aa37780","23427375","1758650315","2025-09-23 17:58:35","0xeefbac7a9841518c7d74d5b3511dd9d235adf31c","0xde83cf15d27eb4795d4e1d33852bf14caebd2b47","","0.524073289703633","0","1233.01026555861","0.000015113667051","0.0355585888276357","4165.70","","","Transfer"
"0xf841c9d2a753e5697c8a34b78e6fe1294092c335b912109f4607c1a6c03979bb","23427735","1758654659","2025-09-23 19:10:59","0x175ffecec9fcfc5a18d9d05cf984e0815cde8d97","0xde83cf15d27eb4795d4e1d33852bf14caebd2b47","","0.599685302796832","0","1410.90597246668","0.000008691215526","0.0204482048108205","4165.70","","","Transfer"
"0xd3999df510b2a4fa3510e66f33efcddd29309958775ed0740d85f03f643f018d","23427885","1758656471","2025-09-23 19:41:11","0x301eeb08818702027fb32ce5db0af51f22c5ec49","0xde83cf15d27eb4795d4e1d33852bf14caebd2b47","","0.824651703787768","0","1940.19431300481","0.00000712540101","0.016764244169971","4165.70","","","Transfer"
"0x34c026520235c756b7bac3f7c0de74b3966a8a001c9cf2ce7af05bc65c82fcb0","23431305","1758697691","2025-09-24 07:08:11","0xde83cf15d27eb4795d4e1d33852bf14caebd2b47","0xdac17f958d2ee523a2206206994597c13d831ec7","","0","0","0","0.000012379584772439","0.0291259932678543","4154.60","","","Transfer"
"0x9ff11fb2e361d53923e28d404ffb9e8b06facd0954eed5fd1e69083eeab6a19d","23431338","1758698087","2025-09-24 07:14:47","0xde83cf15d27eb4795d4e1d33852bf14caebd2b47","0xdac17f958d2ee523a2206206994597c13d831ec7","","0","0","0","0.000012336041444615","0.0290235469664335","4154.60","","","Transfer"
"0x8c7307c0fac1d30283f21947c32c5735f34ad0abf43fdcfef996e69bb2e43e96","23431347","1758698195","2025-09-24 07:16:35","0xde83cf15d27eb4795d4e1d33852bf14caebd2b47","0xdac17f958d2ee523a2206206994597c13d831ec7","","0","0","0","0.000007654443446706","0.0180089455661126","4154.60","","","Transfer"
"0x808ac41024188cf5b26d0b581624a4334a29390ce86675ece6535d27ae8bdfda","23431757","1758703139","2025-09-24 08:38:59","0xde83cf15d27eb4795d4e1d33852bf14caebd2b47","0xfda928b6504840c0e7d75fa9b1aa3f1f9fe8961b","","0","5","11763.7197867486","0.000009931143369","0.0233654375509884","4154.60","","","Transfer"
"0xcf4cb32bcbab2b7f33883701236ed8912d58e629311cb6dbaf5839f175880990","23433001","1758718151","2025-09-24 12:49:11","0xedae99b968ee87be2f407fe9de9dac4d24ccf93b","0xde83cf15d27eb4795d4e1d33852bf14caebd2b47","","0.412961048996305","0","971.591612646854","0.000008227090746","0.0193562380392192","4154.60","","","Transfer"
"0x65ff49ac3714183c4276d74bb466767ffba3440e59c434723fde80cf06f6bf96","23433336","1758722207","2025-09-24 13:56:47","0xde83cf15d27eb4795d4e1d33852bf14caebd2b47","0x20d4a18dd80bf62b52da0830e981d2d7ecee4782","","0","0.01201980788141464","28.2795303615027","0.000020183606772","0.0474868588703457","4154.60","","","Transfer"
"0xc81ac59d0643de0aac804ee9bf087400f93c4ec0800415defc2a040685d8c092","23433926","1758729335","2025-09-24 15:55:35","0xde83cf15d27eb4795d4e1d33852bf14caebd2b47","0xdac17f958d2ee523a2206206994597c13d831ec7","","0","0","0","0.000059229644662738","0.139352188576227","4154.60","","","Transfer"
"0x8dfcde1aa86b63021beae957c637c49e5a0cdda66af01f8e362c5446fd2d4d38","23435006","1758742403","2025-09-24 19:33:23","0xc1da33e8d60daf4f93a52357a57a076f44c45759","0xde83cf15d27eb4795d4e1d33852bf14caebd2b47","","0.252","0","592.891477252127","0.000004914958335","0.0115636385232968","4154.60","","","Transfer"
"0xfaa5c64a28d61c23ab9a584a84cfef3f63c9069c817a671bc383857d0a0ac285","23439573","1758797531","2025-09-25 10:52:11","0x8f7b71cf983ca85ffa453fd05f1e53a211d9240a","0xde83cf15d27eb4795d4e1d33852bf14caebd2b47","","1.415368242389702","0","3329.99907970705","0.000008458049376","0.0198996245603495","3876.07","","","Transfer"
"0x6cb599e3cc7587313952a12fa98ea0174895268da5a4617620409ca431860bc0","23440608","1758809987","2025-09-25 14:19:47","0xde83cf15d27eb4795d4e1d33852bf14caebd2b47","0xdac17f958d2ee523a2206206994597c13d831ec7","","0","0","0","0.000381555914516008","0.89770337226858","3876.07","","","Transfer"
"0x92cf7f8d133d39d4c73fc3b59263d75c0e8ebdd0d7d4cabd782df88638ae9ef3","23441295","1758818315","2025-09-25 16:38:35","0x0f776cc057622f0da2f257d2b987a7cf3386b7cc","0xde83cf15d27eb4795d4e1d33852bf14caebd2b47","","0.44318779","0","1042.70739489367","0.000040786733946","0.0959607418314818","3876.07","","","Transfer"
"0x663ea8354e02d5e97d2f3c1fb2976a93b32e8d7789f0fd3754e55ad3b99875f9","23441876","1758825311","2025-09-25 18:35:11","0xc1da33e8d60daf4f93a52357a57a076f44c45759","0xde83cf15d27eb4795d4e1d33852bf14caebd2b47","","0.29515981","0","694.435459429989","0.000100569002331","0.236613112530949","3876.07","","","Transfer"
"0xd16e474c66af59fa1adec2c40ba2a8ea7ca314682fc7933f842a52e4a2b6cada","23441876","1758825311","2025-09-25 18:35:11","0xc1da33e8d60daf4f93a52357a57a076f44c45759","0xde83cf15d27eb4795d4e1d33852bf14caebd2b47","","0.30133126","0","708.955301125574","0.000102405789612","0.240934602707259","3876.07","","","Transfer"
"0x9f477a98d4a66bbbc308b479cdcb74f4084bf4f8db3c9d88f80e041429f9895c","23442033","1758827195","2025-09-25 19:06:35","0xde83cf15d27eb4795d4e1d33852bf14caebd2b47","0xa0b86991c6218b36c1d19d4a2e9eb0ce3606eb48","","0","0","0","0.00021561728932172","0.507292274551801","3876.07","","","Transfer"
"0xcfaae31b0aee3bedd35928ab8378c95645d85b247799ecc30954914d342558f6","23447143","1758889151","2025-09-26 12:19:11","0x038672a6c7e8f791fa8a613629e4a142bb39ef29","0xde83cf15d27eb4795d4e1d33852bf14caebd2b47","","0.607601361489447","0","1429.53043172175","0.000011844401562","0.027866844203419","4034.84","","","Transfer"
"0xadf45d4be5dca42bc9380774855d3e8c552ccfe736333e619cfeddda55e655b4","23447494","1758893387","2025-09-26 13:29:47","0xde83cf15d27eb4795d4e1d33852bf14caebd2b47","0x64f54e78d3ea4ed46ba206b98e76cd34c3c5d6ac","","0","0.00510329976068346","12.0067576744922","0.000022633397052","0.0532505881483897","4034.84","","","Transfer"
"0x42646b28dd625e2864c8fa1a73e74daa77a20704d24159d717003da4391e78a3","23447533","1758893855","2025-09-26 13:37:35","0xde83cf15d27eb4795d4e1d33852bf14caebd2b47","0xdac17f958d2ee523a2206206994597c13d831ec7","","0","0","0","0.000064759637397453","0.152362845567016","4034.84","","","Transfer"
"0x8f84d618539f0cc5befb6004bb711a6c09766d5c2532747bfec9d57ee2d4c8cd","23447545","1758893999","2025-09-26 13:39:59","0x04eb4be076aa4593e0571dc97094e09be88a11a8","0xde83cf15d27eb4795d4e1d33852bf14caebd2b47","","0.13296311291802523","0","312.828160468291","0.00002031175713","0.0477883638507624","4034.84","","","Transfer"
"0xe282b4c19834378020a88afa5a6e4548512198840a20c74dd491b439cb06bd33","23448004","1758899531","2025-09-26 15:12:11","0xde83cf15d27eb4795d4e1d33852bf14caebd2b47","0xdac17f958d2ee523a2206206994597c13d831ec7","","0","0","0","0.000116244739193979","0.273494107712327","4034.84","","","Transfer"
"0x0e69f87ab2ee94bf47ab936aa57c2a1c6df5785748c18ce28cce855a4a2ea17b","23448512","1758905687","2025-09-26 16:54:47","0x0f776cc057622f0da2f257d2b987a7cf3386b7cc","0xde83cf15d27eb4795d4e1d33852bf14caebd2b47","","0.55929016","0","1315.86654434515","0.00001800588111","0.0423632279783098","4034.84","","","Transfer"
"0xb455c38c34fb10c26cd8c1ecbd808219f6d77f28b0f4440b95206659db5355af","23454557","1758978731","2025-09-27 13:12:11","0x0f776cc057622f0da2f257d2b987a7cf3386b7cc","0xde83cf15d27eb4795d4e1d33852bf14caebd2b47","","0.27183934","0","639.568364554933","0.000008220350502","0.0193403799708772","4020.82","","","Transfer"
"0x89f4b950a8f2db73443c6fac164ebb53b52e883edbf57cf76dc17e0e1549f896","23468245","1759144055","2025-09-29 11:07:35","0x04eb4be076aa4593e0571dc97094e09be88a11a8","0xde83cf15d27eb4795d4e1d33852bf14caebd2b47","","0.23693688001516397","0","557.45181272897","0.000013286536536","0.0312598185491801","4218.07","","","Transfer"
"0x9af32c35c8a9e033c2dc22a1a24232d6e5d1538e6eb8321b57525b88d0ef682d","23468610","1759148447","2025-09-29 12:20:47","0x0f776cc057622f0da2f257d2b987a7cf3386b7cc","0xde83cf15d27eb4795d4e1d33852bf14caebd2b47","","0.2302573","0","541.736471210659","0.000132644541729","0.312078644028326","4218.07","","","Transfer"
"0x4031f98e669580a166cfebaebf97399d785cc79cf176bbfd4eed4c8ddc804be8","23468949","1759152539","2025-09-29 13:28:59","0x0f776cc057622f0da2f257d2b987a7cf3386b7cc","0xde83cf15d27eb4795d4e1d33852bf14caebd2b47","","1.81746184","0","4276.02236177369","0.000388794957096","0.914734985955654","4218.07","","","Transfer"
"0xb1a5f0d90e29e78423ad78867b48d410d3d5cea379bc5bb1af7ba0e46bdb55b1","23468957","1759152635","2025-09-29 13:30:35","0xf85f6c1336ee363c475e03d46d157d13b02773d4","0xde83cf15d27eb4795d4e1d33852bf14caebd2b47","","0.82114357857314","0","1931.94059260447","0.000422730326739","0.994576221823651","4218.07","","","Transfer"
"0xead0bb27f96f1bd3d66556fd236c9725c966dc83de9804cdfad459d20305e7a9","23469260","1759156283","2025-09-29 14:31:23","0xbed524ca428f8b050549abc2246972f8fa07a207","0xde83cf15d27eb4795d4e1d33852bf14caebd2b47","","1.071087567876","0","2519.99480311266","0.000254128833084","0.597900076426714","4218.07","","","Transfer"
"0x75dadb07c43ed8fbb456af544d484a84fb01e983ec99172fe534dc9b457cba9a","23469324","1759157051","2025-09-29 14:44:11","0xde83cf15d27eb4795d4e1d33852bf14caebd2b47","0xdac17f958d2ee523a2206206994597c13d831ec7","","0","0","0","0.000760212553580838","1.78858549173871","4218.07","","","Transfer"
"0xb80c9510d9345d37a3326766292c4f6e845d90017410188ab837eadd25ea4c3c","23469328","1759157099","2025-09-29 14:44:59","0xde83cf15d27eb4795d4e1d33852bf14caebd2b47","0xa0b86991c6218b36c1d19d4a2e9eb0ce3606eb48","","0","0","0","0.00070260714557242","1.65305471613624","4218.07","","","Transfer"
"0xf3eca9666b221d4331e00104bd20dc3a13e89b674d2bc3000d551d7140eee795","23469333","1759157159","2025-09-29 14:45:59","0xde83cf15d27eb4795d4e1d33852bf14caebd2b47","0xf68a87a5bb6b0287554058f4b8de7def5ae31cdf","","0","26.70547548414171986","62831.1460734653","0.000248375516403","0.584363995370772","4218.07","","","Transfer"
"0xed9148e9d7cd8328b04b66e2926f1fa870f81d9a0504c6f81b487cbb6a61d74d","23469359","1759157471","2025-09-29 14:51:11","0xde83cf15d27eb4795d4e1d33852bf14caebd2b47","0xa0b86991c6218b36c1d19d4a2e9eb0ce3606eb48","","0","0","0","0.000470873076583","1.10784378560932","4218.07","","","Transfer"
"0x1b85f8292f0c49291873f68ab36ac06ac621e18ec12d15f0b42d1b3ba8f3af98","23469432","1759158347","2025-09-29 15:05:47","0xde83cf15d27eb4795d4e1d33852bf14caebd2b47","0xa0b86991c6218b36c1d19d4a2e9eb0ce3606eb48","","0","0","0","0.00043273695788204","1.01811926277887","4218.07","","","Transfer"
"0xc343ae70976695081b187a24db9888a8b6ad13c23c538e732c9978c4392f371a","23469562","1759159907","2025-09-29 15:31:47","0x04eb4be076aa4593e0571dc97094e09be88a11a8","0xde83cf15d27eb4795d4e1d33852bf14caebd2b47","","0.583044674812969959","0","1371.75483553114","0.00036969367974","0.869794571078664","4218.07","","","Transfer"
"0x00bbf84a7ba788c244af9996b10bde17241436ab27bf77565eb4df350b0f19d1","23470254","1759168271","2025-09-29 17:51:11","0xde83cf15d27eb4795d4e1d33852bf14caebd2b47","0xa5e719aa2b3a99085d31e2067645c3c3d3d2df2b","","0","0.004818985940980433","11.3378400531949","0.000059213146713","0.139313373124673","4218.07","","","Transfer"
"0xbcda6a8ff34b50ebd77b98b1fd63d1263cf9e84e81f6684e2962fbb78ce4ba31","23475624","1759233095","2025-09-30 11:51:35","0x04eb4be076aa4593e0571dc97094e09be88a11a8","0xde83cf15d27eb4795d4e1d33852bf14caebd2b47","","0.3120798924524678","0","734.244081177891","0.000024730841856","0.0581853387368753","4146.38","","","Transfer"
"0xf3ad40a6e3719994e2514124f00a2804b03843f00319413fe124e139eccdcf79","23476054","1759238291","2025-09-30 13:18:11","0x04eb4be076aa4593e0571dc97094e09be88a11a8","0xde83cf15d27eb4795d4e1d33852bf14caebd2b47","","0.35587188612099646","0","837.275429661819","0.000025978796046","0.061121455416447","4146.38","","","Transfer"
"0xdaad16b6102ed2fc59b3d82411a2182bcbf6e966a8ebcdac8a6e6a3071af9639","23476073","1759238519","2025-09-30 13:21:59","0x04eb4be076aa4593e0571dc97094e09be88a11a8","0xde83cf15d27eb4795d4e1d33852bf14caebd2b47","","0.1564406620568818","0","368.064822338117","0.000028429677822","0.0668877527051096","4146.38","","","Transfer"
"0x448c3e41d44b303913fff44592e1fabc3906905ea0daed7072782d39bef762da","23476416","1759242671","2025-09-30 14:31:11","0xde83cf15d27eb4795d4e1d33852bf14caebd2b47","0xdac17f958d2ee523a2206206994597c13d831ec7","","0","0","0","0.000057691130654956","0.13573245904112","4146.38","","","Transfer"
"0x4b71825e654d83b7f8d14bb67e98a03f08e9f07ea256ba2c7504bd7c955d4fb7","23476426","1759242791","2025-09-30 14:33:11","0xde83cf15d27eb4795d4e1d33852bf14caebd2b47","0xdac17f958d2ee523a2206206994597c13d831ec7","","0","0","0","0.000047623545965611","0.112046009998157","4146.38","","","Transfer"
"0x1be7e7508e0d8328f1a0d0fd81cb42a76bddee527cf42258618a7ccb76f49eb9","23476428","1759242815","2025-09-30 14:33:35","0xde83cf15d27eb4795d4e1d33852bf14caebd2b47","0xdac17f958d2ee523a2206206994597c13d831ec7","","0","0","0","0.000050951721965532","0.119876355970968","4146.38","","","Transfer"
"0x737c7de0690498ab5c842c009a14a45bf74045582b04d77dfd94b2f548c26ed6","23476441","1759242971","2025-09-30 14:36:11","0xde83cf15d27eb4795d4e1d33852bf14caebd2b47","0xdac17f958d2ee523a2206206994597c13d831ec7","","0","0","0","0.000049970774039459","0.117568436665425","4146.38","","","Transfer"
"0x34a67e30e982f7901748c58f793d6e42d3285bbd952c445dd819031e02267ee7","23476446","1759243031","2025-09-30 14:37:11","0xde83cf15d27eb4795d4e1d33852bf14caebd2b47","0xdac17f958d2ee523a2206206994597c13d831ec7","","0","0","0","0.000072034537111942","0.169478821910605","4146.38","","","Transfer"
"0x422ee57375a962d148a226828f74f29c26c0b7b29b0bcc1408ab1489f9b8c09d","23476475","1759243391","2025-09-30 14:43:11","0xde83cf15d27eb4795d4e1d33852bf14caebd2b47","0xa0b86991c6218b36c1d19d4a2e9eb0ce3606eb48","","0","0","0","0.000052409750849456","0.123306724617261","4146.38","","","Transfer"
"0xb4c798fdea16caf7793b72ad5ae73d95b43dc2c38730c70f1c899901a36848c3","23476888","1759248383","2025-09-30 16:06:23","0x89eaba766fc5b0f86df7d2efacd6c1acee478691","0xde83cf15d27eb4795d4e1d33852bf14caebd2b47","","1.4429531015966188","0","3394.89919052047","0.000025281094629","0.059479942623566","4146.38","","","Transfer"
"0xcf7c796d2fb7b68de33714518f103c70a264647c504df6fce988ce7d6265c368","23476913","1759248683","2025-09-30 16:11:23","0x89eaba766fc5b0f86df7d2efacd6c1acee478691","0xde83cf15d27eb4795d4e1d33852bf14caebd2b47","","0.3439143173131027","0","809.142331904453","0.000021961346946","0.051669426322462","4146.38","","","Transfer"
"0x499cc0c425ca133ed61aaf923eea0a9864fab9e9588b7819a9c59b9085435b32","23477392","1759254443","2025-09-30 17:47:23","0xde83cf15d27eb4795d4e1d33852bf14caebd2b47","0xdac17f958d2ee523a2206206994597c13d831ec7","","0","0","0","0.000064864869692412","0.152610430213099","4146.38","","","Transfer"
"0x68b45ec515020e473bffbb637b964a81014f26b47842f7a681b725c3e2578db7","23477418","1759254755","2025-09-30 17:52:35","0xb92446fc7714c3ec5e60622b7c3d506dbd2be4e2","0xde83cf15d27eb4795d4e1d33852bf14caebd2b47","","0.0000001","0","0.000235274395734971","0.000014325397863","0.0337039932588037","4146.38","","","Transfer"
"0xb602d8b0cce8995fe031d233b9388584949687b0c43719ce294216c30ae1a95b","23477431","1759254923","2025-09-30 17:55:23","0xca695aaea61007f52bfa01e3f1a1d63fd850a910","0xde83cf15d27eb4795d4e1d33852bf14caebd2b47","","0.484985366147313","0","1141.04638960613","0.000018072775098","0.0425206124043598","4146.38","","","Transfer"
"0xd60c9c9e44ebc39fff83f43af8bd8ce2158f44bbf1514516710d767a83c7d97b","23477447","1759255115","2025-09-30 17:58:35","0xde83cf15d27eb4795d4e1d33852bf14caebd2b47","0xcf48fef5b4c4fc62d6bec0021fa88cfd4ddc8e9f","","0","0.006095928070048192","14.3421579312444","0.00001781824695","0.0419217728421774","4146.38","","","Transfer"
"0xc5863f13252e7d666c2016bdaa771ee6a9372e334de4ff478aa784d1fcfaeb8f","23477976","1759261487","2025-09-30 19:44:47","0xca695aaea61007f52bfa01e3f1a1d63fd850a910","0xde83cf15d27eb4795d4e1d33852bf14caebd2b47","","0.346580028628963","0","815.414068094882","0.00001068960942","0.0251499139693335","4146.38","","","Transfer"
"0x140951f301a95d5f9a9abd1159a3df5773fcbdd82d2ec8aa5875b4fa0b80856c","23478488","1759267643","2025-09-30 21:27:23","0xde83cf15d27eb4795d4e1d33852bf14caebd2b47","0xf68a87a5bb6b0287554058f4b8de7def5ae31cdf","","0","4.541252838585314616","10684.4051747788","0.000014450096157","0.033997376416504","4146.38","","","Transfer"
"0x405c8a585293893681608b9a100cd60138d39ab556773863936b631f59382cf3","23479108","1759275179","2025-09-30 23:32:59","0xf68a5507e93e779e9cd8aa57ad7954e1d4ec1cdf","0xde83cf15d27eb4795d4e1d33852bf14caebd2b47","","0.0000001","0","0.000235274395734971","0.000003511345887","0.00826129781780401","4146.38","","","Transfer"
"0x4ecd0ad9ebac7c64bc5ba64a27b2413984c8e910727669a6f21170a1d1c1ee76","23482894","1759321019","2025-10-01 12:16:59","0x04eb4be076aa4593e0571dc97094e09be88a11a8","0xde83cf15d27eb4795d4e1d33852bf14caebd2b47","","0.23282887077997672","0","547.786718824147","0.000009544763235","0.0224563840254799","4350.53","","","Transfer"
"0x79a5cc02159f69ab013f56844f16541739c771647ec9b20a0d7ce904b134d54a","23483187","1759324547","2025-10-01 13:15:47","0xde83cf15d27eb4795d4e1d33852bf14caebd2b47","0x3ea23f81364bf9d920415bffd7663941bc4f2c4f","","0","0.002327299572417432","5.47554000594768","0.000036232263291","0.085245238519004","4350.53","","","Transfer"
"0x8679b0ae6561c5c32b004ae210f5d9ce5e1aca4c173348b601e07418ab719515","23483697","1759330727","2025-10-01 14:58:47","0xa7b01856ef7b838dd9798f846bbc2f9a8716f74d","0xde83cf15d27eb4795d4e1d33852bf14caebd2b47","","0.446383086775512","0","1050.2251100742","0.000049885356675","0.117367471477341","4350.53","","","Transfer"
"0xfc2caf8d92459c4e7fe0bb1f68c456ff759acf5072f5e8c69df01fe33ea379a1","23483877","1759332899","2025-10-01 15:34:59","0x89eaba766fc5b0f86df7d2efacd6c1acee478691","0xde83cf15d27eb4795d4e1d33852bf14caebd2b47","","3.9725240103311936","0","9346.33186073335","0.000038007558246","0.0894220529968936","4350.53","","","Transfer"
"0xe9af0b45b5024c71fff06117b43a9d61c941601c8eb35fe691a7ab6777687e85","23484474","1759340087","2025-10-01 17:34:47","0xde83cf15d27eb4795d4e1d33852bf14caebd2b47","0xdac17f958d2ee523a2206206994597c13d831ec7","","0","0","0","0.000071116858973081","0.167319760214608","4350.53","","","Transfer"
"0xef264627c4564a77f814d8a4fd3d6e3c3581689f07c958249949759c4ad0a909","23484528","1759340747","2025-10-01 17:45:47","0xde83cf15d27eb4795d4e1d33852bf14caebd2b47","0xdac17f958d2ee523a2206206994597c13d831ec7","","0","0","0","0.000105955371839701","0.249285860844598","4350.53","","","Transfer"
"0xe738a3d7215a631cffc656115e4ff34e14c48ccbce4bf519c8d1d2550dea1267","23484618","1759341827","2025-10-01 18:03:47","0xde83cf15d27eb4795d4e1d33852bf14caebd2b47","0xdac17f958d2ee523a2206206994597c13d831ec7","","0","0","0","0.000078531056503818","0.184763468653646","4350.53","","","Transfer"
"0xe2a14d1f388f4b7f73204ee34aed41da69ccc63577dac08347fff138a5346eab","23485212","1759349051","2025-10-01 20:04:11","0xde83cf15d27eb4795d4e1d33852bf14caebd2b47","0xdac17f958d2ee523a2206206994597c13d831ec7","","0","0","0","0.000023940755514171","0.0563264678703526","4350.53","","","Transfer"
"0xe141b7ed17372d18b5d70b88a01285b9fb819f45621b8212052fd75b3166473f","23488353","1759386971","2025-10-02 06:36:11","0xde83cf15d27eb4795d4e1d33852bf14caebd2b47","0xdac17f958d2ee523a2206206994597c13d831ec7","","0","0","0","0.000038554498304588","0.0907088629147691","4487.89","","","Transfer"
"0x3f4b96b4cbf1d798fbfeadc8dc7216d74481fa3cd8ea77c2e1331a57ae766913","23488357","1759387019","2025-10-02 06:36:59","0xde83cf15d27eb4795d4e1d33852bf14caebd2b47","0x2e1dee213ba8d7af0934c49a23187babeaca8764","","0","4","9410.97582939884","0.000307273683517636","0.722936302148705","4487.89","","","Smart Swap To"
"0xba14adaa61fb59d6d108a9efcb0539427cfc57bc6acdbde4c537af730c5be103","23488371","1759387187","2025-10-02 06:39:47","0xde83cf15d27eb4795d4e1d33852bf14caebd2b47","0xdac17f958d2ee523a2206206994597c13d831ec7","","0","0","0","0.000027724208894088","0.0652279649478666","4487.89","","","Transfer"
"0x94d98cf726914ac68be1e20af1fe5c841c608b3a9729ab38c66a1472fd1b3fd1","23488375","1759387235","2025-10-02 06:40:35","0xde83cf15d27eb4795d4e1d33852bf14caebd2b47","0xdac17f958d2ee523a2206206994597c13d831ec7","","0","0","0","0.000030321720032002","0.0713392435817424","4487.89","","","Transfer"
"0xfc37422da2bd3350f5f32aa6a05cfa2641c24530df44a6befaff8591020e5a13","23489194","1759397159","2025-10-02 09:25:59","0xde83cf15d27eb4795d4e1d33852bf14caebd2b47","0xdac17f958d2ee523a2206206994597c13d831ec7","","0","0","0","0.000021240026885511","0.0499723449088314","4487.89","","","Transfer"
"0x5c67cfa4ea2193e112e92fc3f6e45bcfaca4cbdc2908b1c4b3eff41e870b26c6","23489527","1759401203","2025-10-02 10:33:23","0xde83cf15d27eb4795d4e1d33852bf14caebd2b47","0xdac17f958d2ee523a2206206994597c13d831ec7","","0","0","0","0.0000262797692192","0.0618295682310177","4487.89","","","Transfer"
"0x680adb1dc2099c9398923a14072375f2c34eb537fa02ad055e4c26d5ebf759fa","23489542","1759401383","2025-10-02 10:36:23","0xde83cf15d27eb4795d4e1d33852bf14caebd2b47","0xdac17f958d2ee523a2206206994597c13d831ec7","","0","0","0","0.000024551717742321","0.0577639055608014","4487.89","","","Transfer"
"0x5f96967ee74abd83f38b2f9ddbf4851d8509c72ccc53e3400d296c110561b52f","23489733","1759403687","2025-10-02 11:14:47","0xde83cf15d27eb4795d4e1d33852bf14caebd2b47","0xdac17f958d2ee523a2206206994597c13d831ec7","","0","0","0","0.000032625952616075","0.0767605128702484","4487.89","","","Transfer"
"0xedd1db1f1c5aea359545411dd74c548ca314030768bfa7efbaee61f64be30e21","23490549","1759413515","2025-10-02 13:58:35","0x89eaba766fc5b0f86df7d2efacd6c1acee478691","0xde83cf15d27eb4795d4e1d33852bf14caebd2b47","","3.894120083577726968","0","9161.86749583164","0.000029777857431","0.0700596741336064","4487.89","","","Transfer"
"0x5d096e4ff7a37c123eccc93cd065bf8af23589c69d364dc9649ce82975b1b74e","23490996","1759418927","2025-10-02 15:28:47","0x0c968c9d2d04e6f55b962bd72187cea59b576015","0xde83cf15d27eb4795d4e1d33852bf14caebd2b47","","0.14594348850991287","0","343.367660706234","0.000025294432674","0.0595113236283426","4487.89","","","Transfer"
"0x0c0cb1d54132a5519a24c62a7f3d00772c30fcf19c2fc883d51fe0bb0fe01836","23491001","1759418999","2025-10-02 15:29:59","0x0c968c9d2d04e6f55b962bd72187cea59b576015","0xde83cf15d27eb4795d4e1d33852bf14caebd2b47","","0.14594348850991287","0","343.367660706234","0.000025649330637","0.0603463076662665","4487.89","","","Transfer"
"0x2989414e65fea01cc1959ba4987e39c3b7ff33c4867d5d3568fa3a8fe042fb5d","23491686","1759427219","2025-10-02 17:46:59","0xde83cf15d27eb4795d4e1d33852bf14caebd2b47","0xdac17f958d2ee523a2206206994597c13d831ec7","","0","0","0","0.000107332138265362","0.252525039733254","4487.89","","","Transfer"
"0x0f14a16e3ed42a663bafc8ce4bb24b244acc6f31de2b705fd581dff1167c200d","23491993","1759430927","2025-10-02 18:48:47","0xde83cf15d27eb4795d4e1d33852bf14caebd2b47","0x3038c3bd1c6eb66bf7f0946c375cf917bb0f908f","","0","0.003342581992525822","7.86423958486108","0.000026042051175","0.0612702785389732","4487.89","","","Transfer"
"0x3e0acfb01c1afb3b79d4fcdbfab5daedeea3270894257e0347830f10e4c4d4d7","23493239","1759446047","2025-10-02 23:00:47","0x3038cfc4c1a15ca0dd9c386d5f6d97a486e3908f","0xde83cf15d27eb4795d4e1d33852bf14caebd2b47","","0.0000001","0","0.000235274395734971","0.000004381489455","0.0103085228394427","4487.89","","","Transfer"
"0xa86f5e770b088fc305e9bd5aed5ebd200c11a4cfb85e0e0e90432d8edfd6b9db","23493423","1759448279","2025-10-02 23:37:59","0x3ea21cf2a43e878f83ad5c1d3b6df78b9e5c2c4f","0xde83cf15d27eb4795d4e1d33852bf14caebd2b47","","0.0000001","0","0.000235274395734971","0.000004698080541","0.01105338060398","4487.89","","","Transfer"
"0x5e936f3cd371440398444cfe84e1ce6b4f40f544c9298ee8bf98682a55865c37","23495533","1759473755","2025-10-03 06:42:35","0xde83cf15d27eb4795d4e1d33852bf14caebd2b47","0xdac17f958d2ee523a2206206994597c13d831ec7","","0","0","0","0.000012594609304599","0.0296318909365757","4516.00","","","Transfer"
"0xa177e929ab554e6d847ddf0c0464fb50fc810aac722476afa2562cb79bb3cef2","23495539","1759473827","2025-10-03 06:43:47","0xde83cf15d27eb4795d4e1d33852bf14caebd2b47","0xdac17f958d2ee523a2206206994597c13d831ec7","","0","0","0","0.000010192167639829","0.0239795608269029","4516.00","","","Transfer"
"0x9d7da9ba2837eae7e9c2b289f1c63d2d44f4fe95c43d45a37fb933808c6459f7","23495545","1759473899","2025-10-03 06:44:59","0xde83cf15d27eb4795d4e1d33852bf14caebd2b47","0xdac17f958d2ee523a2206206994597c13d831ec7","","0","0","0","0.000010839018996925","0.025501436448614","4516.00","","","Transfer"
"0xae5d8777b8c6db357f54756cda37bcf129505f8b970c7203f071d535d0bf9f7d","23495549","1759473947","2025-10-03 06:45:47","0xde83cf15d27eb4795d4e1d33852bf14caebd2b47","0xdac17f958d2ee523a2206206994597c13d831ec7","","0","0","0","0.000008918871939075","0.0209838220610346","4516.00","","","Transfer"
"0x01e1056a764140c98ec8b9d3e7ba922e22b7d1b8c42b62f5d89fc69eb980f65f","23495553","1759473995","2025-10-03 06:46:35","0xde83cf15d27eb4795d4e1d33852bf14caebd2b47","0xdac17f958d2ee523a2206206994597c13d831ec7","","0","0","0","0.000009370649811544","0.0220467397205503","4516.00","","","Transfer"
"0x21ca3395d973986cb185b88c4b0e3675e9815d0e399d3a65d8b43f0d24b1cb5f","23495556","1759474031","2025-10-03 06:47:11","0xde83cf15d27eb4795d4e1d33852bf14caebd2b47","0xdac17f958d2ee523a2206206994597c13d831ec7","","0","0","0","0.000010074712502528","0.0237032189623583","4516.00","","","Transfer"
"0xc22aa724d3c75e91d548d5d710607e29821d7764c8009f776e58d409c69adb24","23495562","1759474103","2025-10-03 06:48:23","0xde83cf15d27eb4795d4e1d33852bf14caebd2b47","0xdac17f958d2ee523a2206206994597c13d831ec7","","0","0","0","0.000008496032692258","0.0199889895781556","4516.00","","","Transfer"
"0x8ce151b04e348ef46dae2f62984626a9e1faa3ccb429c793880e2e4230ecd527","23497641","1759499195","2025-10-03 13:46:35","0x9abf4b8ef3b6ba2002475c4b43c657d79fad4974","0xde83cf15d27eb4795d4e1d33852bf14caebd2b47","","1.880360607149222","0","4424.00705610876","0.000015949156734","0.0375242821307419","4516.00","","","Transfer"
"0x3281ad72984e6ec49a7615439e58836724a6662f7c873b1a685ab65f70a74a47","23497656","1759499375","2025-10-03 13:49:35","0xde83cf15d27eb4795d4e1d33852bf14caebd2b47","0xdac17f958d2ee523a2206206994597c13d831ec7","","0","0","0","0.000045021112645838","0.105923150730656","4516.00","","","Transfer"
"0x237c18e975a4c0887a3f34f09fa457aa4c2e1235d9860d214e53c22c19ca22ef","23497891","1759502219","2025-10-03 14:36:59","0xde83cf15d27eb4795d4e1d33852bf14caebd2b47","0x16cc4de7c5afc76a5fe134f9e1b118e169162048","","0","0.002239593395226789","5.26918982754015","0.000028985508636","0.0681954802940568","4516.00","","","Transfer"
"0x2f42a3667f1a38943d3442e6f156d610908d956e64912d56744675f8464c53b2","23498033","1759503923","2025-10-03 15:05:23","0xde83cf15d27eb4795d4e1d33852bf14caebd2b47","0xdac17f958d2ee523a2206206994597c13d831ec7","","0","0","0","0.000071702372616581","0.168697323901298","4516.00","","","Transfer"
"0xc23d9bb949b0903379bccc64256d958e0c9e0a9589a15c4c01816250eb2f2ff1","23498450","1759508939","2025-10-03 16:28:59","0xde83cf15d27eb4795d4e1d33852bf14caebd2b47","0xdac17f958d2ee523a2206206994597c13d831ec7","","0","0","0","0.000196018740580048","0.461181907427008","4516.00","","","Transfer"
"0x838a6283730ce9fda08ee94ab42002d757539cde717cc5534bd6b484fa5f7dee","23498457","1759509023","2025-10-03 16:30:23","0xde83cf15d27eb4795d4e1d33852bf14caebd2b47","0xdac17f958d2ee523a2206206994597c13d831ec7","","0","0","0","0.000178743865466469","0.420538549389564","4516.00","","","Transfer"
"0xf04fde05db878210856fcc900cb48cebeabf5ad50a7aa5a215ac715ec28d614d","23498476","1759509251","2025-10-03 16:34:11","0x3dada329c6f1b05b2ac842fce5c69a75229bbbad","0xde83cf15d27eb4795d4e1d33852bf14caebd2b47","","0.290162594847951","0","682.678291677429","0.000079245152049","0.186443552632544","4516.00","","","Transfer"
"0xc0cd3650963058ef5b17aa6cc2cdc48a9a83bb0e558f92d0b19847546fd7f334","23498783","1759512947","2025-10-03 17:35:47","0x37e4102c936b7e069eedec504773b0615e4e0d9d","0xde83cf15d27eb4795d4e1d33852bf14caebd2b47","","0.173229725846799","0","407.565190719403","0.000040601428161","0.0955247647655611","4516.00","","","Transfer"
"0xff37e441ffa895ccca192c148d69cd0a5c2a7f0b23538fc8923a44da4557d6f2","23498836","1759513595","2025-10-03 17:46:35","0xde83cf15d27eb4795d4e1d33852bf14caebd2b47","0xdac17f958d2ee523a2206206994597c13d831ec7","","0","0","0","0.000068899390783412","0.162102625330749","4516.00","","","Transfer"
"0x9fca7039c8b69642303057c87021f920f7ad168ebf6001b85160ee0e90ba8dd6","23499044","1759516103","2025-10-03 18:28:23","0xab7e4526f40efc667b4f2977319b1d9f38a7f7e4","0xde83cf15d27eb4795d4e1d33852bf14caebd2b47","","2.554937975069834","0","6011.11488224886","0.000016493779575","0.0388056402289393","4516.00","","","Transfer"
"0x73a48f38d70140b3ce61f3a1b9071f1a850eb81ae7f603cffd451c2e1a3e14a1","23500273","1759530923","2025-10-03 22:35:23","0x16cc046bcf745c58d656ed773a91517d9a9c2048","0xde83cf15d27eb4795d4e1d33852bf14caebd2b47","","0.000000001","0","0.00000235274395734971","0.00000375050823","0.00882398557512286","4516.00","","","Transfer"
"0x61f3c71789ca0eac6afc8ebd87197e26964a68ad78496d422e4bd20d3c7e2928","23516859","1759731119","2025-10-06 06:11:59","0xde83cf15d27eb4795d4e1d33852bf14caebd2b47","0xdac17f958d2ee523a2206206994597c13d831ec7","","0","0","0","0.0000190094367346","0.0447243374099517","4686.54","","","Transfer"
"0x8c9668459fb0ecaea327495a7363c043e10cb81e00a9a97d5357f06712fe6f44","23516864","1759731179","2025-10-06 06:12:59","0xde83cf15d27eb4795d4e1d33852bf14caebd2b47","0xdac17f958d2ee523a2206206994597c13d831ec7","","0","0","0","0.000009127171283153","0.021473897084134","4686.54","","","Transfer"
"0x03af7ff1b65e16781a852b859fb7d307374e9dc457b83a5cadc04a24ea10ed12","23517463","1759738403","2025-10-06 08:13:23","0xde83cf15d27eb4795d4e1d33852bf14caebd2b47","0xdac17f958d2ee523a2206206994597c13d831ec7","","0","0","0","0.000011794328682577","0.0277490355389294","4686.54","","","Transfer"
"0x3281b93273e1cb1d495722a4543328425f6cbd940427bff05f4e99b68388c24a","23517861","1759743191","2025-10-06 09:33:11","0xde83cf15d27eb4795d4e1d33852bf14caebd2b47","0xdac17f958d2ee523a2206206994597c13d831ec7","","0","0","0","0.000010354756457885","0.0243620906861168","4686.54","","","Transfer"
"0xb8de2b8eda39b658a8bc9425f7035a98909d6e22fdc205849717673b727d2a2b","23517865","1759743239","2025-10-06 09:33:59","0xde83cf15d27eb4795d4e1d33852bf14caebd2b47","0xdac17f958d2ee523a2206206994597c13d831ec7","","0","0","0","0.000010379386087434","0.02442003789821","4686.54","","","Transfer"
"0xa4e7e4f932938ccf1f3ebbd11ff9537decd86f4aed54c3dea1773fa32b246290","23517874","1759743347","2025-10-06 09:35:47","0xde83cf15d27eb4795d4e1d33852bf14caebd2b47","0xdac17f958d2ee523a2206206994597c13d831ec7","","0","0","0","0.000008299884435115","0.0195275029514177","4686.54","","","Transfer"
"0xaeee84abd72c4e59d97c85b63b3e22f404fbcb1721bc80fabceedd8b09f9b5fa","23517878","1759743395","2025-10-06 09:36:35","0xde83cf15d27eb4795d4e1d33852bf14caebd2b47","0xdac17f958d2ee523a2206206994597c13d831ec7","","0","0","0","0.000008789951036748","0.0206805041871087","4686.54","","","Transfer"
"0x238e1e8bca4b6cde37131cb6390384185c74e1ad32bc310937fc514eb71f62e5","23518702","1759753367","2025-10-06 12:22:47","0xde83cf15d27eb4795d4e1d33852bf14caebd2b47","0xdac17f958d2ee523a2206206994597c13d831ec7","","0","0","0","0.000046656135669683","0.109769941270135","4686.54","","","Transfer"
"0x7e188ebb40ef0e7b91c89ddf0066d70f6b027f2e9e6cddfbf96c7ce9d814339f","23519002","1759756991","2025-10-06 13:23:11","0xa7b01856ef7b838dd9798f846bbc2f9a8716f74d","0xde83cf15d27eb4795d4e1d33852bf14caebd2b47","","0.09118518162255242","0","214.535385062296","0.000020580825594","0.0484214130535518","4686.54","","","Transfer"
"0xc96e267bdbd90636083fb18fbf32df991cf06a5e889dbffb68ee482e1c32d563","23519011","1759757099","2025-10-06 13:24:59","0xa711614daf9941e2e8fee4cc0783ca5c4b1f4882","0xde83cf15d27eb4795d4e1d33852bf14caebd2b47","","0.09161574485123866","0","215.548390096845","0.000020596887906","0.0484592035610508","4686.54","","","Transfer"
"0x063599161b60f53aa1d2a36a7fdd09fc994c809d8feb0b20739a3440773a0112","23519066","1759757771","2025-10-06 13:36:11","0xde83cf15d27eb4795d4e1d33852bf14caebd2b47","0xdac17f958d2ee523a2206206994597c13d831ec7","","0","0","0","0.000070613162767846","0.166134692011401","4686.54","","","Transfer"
"0x9a7f1ae01fb7694b841c37f70885f2759a8dc78289eaf939467a6115adb65870","23519075","1759757879","2025-10-06 13:37:59","0xab7e4526f40efc667b4f2977319b1d9f38a7f7e4","0xde83cf15d27eb4795d4e1d33852bf14caebd2b47","","0.931173122358914","0","2190.8119368764","0.000018541083813","0.0436224229037503","4686.54","","","Transfer"
"0x4046511f554f9bb0f3e54806f791675cac695dbed6606f46e2539f5cabfc1b7e","23519993","1759768991","2025-10-06 16:43:11","0xab7e4526f40efc667b4f2977319b1d9f38a7f7e4","0xde83cf15d27eb4795d4e1d33852bf14caebd2b47","","0.231868962305188","0","545.528299960479","0.000050301895602","0.118347480920841","4686.54","","","Transfer"
"0xbbd3a1315f13b6c91ab184b5b02b166a61267c292c14e1fcfda818b994cab641","23520109","1759770395","2025-10-06 17:06:35","0xde83cf15d27eb4795d4e1d33852bf14caebd2b47","0xdac17f958d2ee523a2206206994597c13d831ec7","","0","0","0","0.000092231815443465","0.216997846460006","4686.54","","","Transfer"
"0xc6ebf3506b004d0bb8bce5c6b3a835e99c83e65a54896fbd622bf1cbfb72a5ee","23520154","1759770935","2025-10-06 17:15:35","0x04eb4be076aa4593e0571dc97094e09be88a11a8","0xde83cf15d27eb4795d4e1d33852bf14caebd2b47","","0.24775855268067504","0","582.912437701168","0.000031375700181","0.073818989008464","4686.54","","","Transfer"
"0x2ccf2a4e676b05444248409cd412be58b2877b3996a773d62ae46b425fa0702b","23520672","1759777211","2025-10-06 19:00:11","0xde83cf15d27eb4795d4e1d33852bf14caebd2b47","0x853a7f340496f7277380850466055f1fc802a53f","","0","0.004240802507049225","9.97752247277356","0.000043512263781","0.102373215681354","4686.54","","","Transfer"
"0x65f614c33b0c43a06b47ac7f54e403870c1dee9009d62ccf56f1173bedb9c63c","23524829","1759827443","2025-10-07 08:57:23","0xde83cf15d27eb4795d4e1d33852bf14caebd2b47","0xdac17f958d2ee523a2206206994597c13d831ec7","","0","0","0","0.000020616915239303","0.0485063227484613","4449.96","","","Transfer"
"0x49f49f4b6ad55110eee271ca26362cafc0be9a8ab7da8f7ecff9c7eb4130385e","23525023","1759829783","2025-10-07 09:36:23","0xde83cf15d27eb4795d4e1d33852bf14caebd2b47","0xdac17f958d2ee523a2206206994597c13d831ec7","","0","0","0","0.000009899446221035","0.0232908622776485","4449.96","","","Transfer"
"0x13e09871c47a4bbcba8ec5ceec7119cd78b16f26ab0c873332a7e0eb8608b62b","23525027","1759829831","2025-10-07 09:37:11","0xde83cf15d27eb4795d4e1d33852bf14caebd2b47","0xdac17f958d2ee523a2206206994597c13d831ec7","","0","0","0","0.000013873296484614","0.0326403144726966","4449.96","","","Transfer"
"0x1d1ba94b3a75200476cd5efaabc10f9efd1cc3d548cf50a14b3d144617c48551","23525032","1759829891","2025-10-07 09:38:11","0xde83cf15d27eb4795d4e1d33852bf14caebd2b47","0xdac17f958d2ee523a2206206994597c13d831ec7","","0","0","0","0.00001792489726559","0.0421726937277312","4449.96","","","Transfer"
"0x22b0513fcf2bd746722f7bc523aa369f9a941f992cc1773165195d8ae9ea4eca","23525037","1759829951","2025-10-07 09:39:11","0xde83cf15d27eb4795d4e1d33852bf14caebd2b47","0xdac17f958d2ee523a2206206994597c13d831ec7","","0","0","0","0.000011877492811275","0.0279446994401919","4449.96","","","Transfer"
"0x2aa2d709b4d5b15b90692a9ac595a7d6228d903a4fd4a6ff8cfc0a2e4ff2ddfb","23525045","1759830047","2025-10-07 09:40:47","0xde83cf15d27eb4795d4e1d33852bf14caebd2b47","0xdac17f958d2ee523a2206206994597c13d831ec7","","0","0","0","0.000018325697230546","0.0431156734233874","4449.96","","","Transfer"
"0xcf25b2f0a56f190558faba98094445c747e3f68cb6e486d737469caaa5ce5e85","23525292","1759833011","2025-10-07 10:30:11","0xde83cf15d27eb4795d4e1d33852bf14caebd2b47","0xdac17f958d2ee523a2206206994597c13d831ec7","","0","0","0","0.00001005385849631","0.0236541548252424","4449.96","","","Transfer"
"0xb4645d1d5338269d6ad6841bb919ed0cc19c8c8f3b70c713f30512f01626a6db","23526223","1759844267","2025-10-07 13:37:47","0xde83cf15d27eb4795d4e1d33852bf14caebd2b47","0x0dd6f342be47082c3fed812f4b4701ceea76f998","","0","0.000421103841843219","0.990749519313381","0.000031687243707","0.0745519711567119","4449.96","","","Transfer"
"0x319169563793f64b39da5fdb4644d204be9f6c9f2e0c80ec63ad61faccb6e0ad","23526265","1759844771","2025-10-07 13:46:11","0xde83cf15d27eb4795d4e1d33852bf14caebd2b47","0x79f54915ab092df1a831536aac1c58b9549d0e62","","0","0.002128678701222178","5.00823595143951","0.000042679969521","0.100415040390403","4449.96","","","Transfer"
"0xa168b5885c085bd806da7beaf50788626d3287ea29bb3f5fab5aa531e41cf9d1","23531767","1759911179","2025-10-08 08:12:59","0xde83cf15d27eb4795d4e1d33852bf14caebd2b47","0xdac17f958d2ee523a2206206994597c13d831ec7","","0","0","0","0.000008717309027679","0.0205095961392218","4527.74","","","Transfer"
"0xbd942a2bd00990f0f0e6238d3cc059bb55aa4b298abe04d391a1a348838b6f8a","23531770","1759911215","2025-10-08 08:13:35","0xde83cf15d27eb4795d4e1d33852bf14caebd2b47","0xdac17f958d2ee523a2206206994597c13d831ec7","","0","0","0","0.000009095629545632","0.0213996874517772","4527.74","","","Transfer"
"0xb1b20f7de5e14039017f38a43c914b0db510fcd8e1f8424d6a9dec8b7fcd5f2e","23531773","1759911251","2025-10-08 08:14:11","0xde83cf15d27eb4795d4e1d33852bf14caebd2b47","0xdac17f958d2ee523a2206206994597c13d831ec7","","0","0","0","0.000010514811770827","0.0247386598564828","4527.74","","","Transfer"
"0xa40eb1b28c8f8503eee0ebd2ab20686073eb8c96faeb1ef74e7a4272a4ee2b9c","23531777","1759911299","2025-10-08 08:14:59","0xde83cf15d27eb4795d4e1d33852bf14caebd2b47","0xdac17f958d2ee523a2206206994597c13d831ec7","","0","0","0","0.000009094265456976","0.0213964781004345","4527.74","","","Transfer"
"0x18458dbfe3fc996ffdf72ec6ce7398be4d35b88277c4d0a366a7944e37b663d4","23531781","1759911347","2025-10-08 08:15:47","0xde83cf15d27eb4795d4e1d33852bf14caebd2b47","0xdac17f958d2ee523a2206206994597c13d831ec7","","0","0","0","0.000009425010570402","0.0221746366674704","4527.74","","","Transfer"
"0xfb733595fc7894f76f73fe7774ec8f688f7b8b1d272616199271011b2f17764c","23531821","1759911827","2025-10-08 08:23:47","0xde83cf15d27eb4795d4e1d33852bf14caebd2b47","0xdac17f958d2ee523a2206206994597c13d831ec7","","0","0","0","0.00000956179284302","0.022496450332845","4527.74","","","Transfer"
"0x3a8d595dcc86f578f204a2aa0367517eb15a24932c500d7d411e649731bc1acc","23532994","1759926071","2025-10-08 12:21:11","0xde83cf15d27eb4795d4e1d33852bf14caebd2b47","0xfda928b6504840c0e7d75fa9b1aa3f1f9fe8961b","","0","6","14116.4637440983","0.00000713342889","0.0167831317161313","4527.74","","","Transfer"
"0x84f6f477608bf8b9d2ef250b9d55eb2e1699f46e4062f489218db91edb47f186","23533006","1759926215","2025-10-08 12:23:35","0xfda98a1a068e69312cd522471d3fbeb6281f961b","0xde83cf15d27eb4795d4e1d33852bf14caebd2b47","","0.000000001","0","0.00000235274395734971","0.000004343613372","0.0102194101140364","4527.74","","","Transfer"
"0x97f320aab4fc8d2361504e2d9442e557f24b8458d09c6cfbdbd24103865c0172","23533142","1759927859","2025-10-08 12:50:59","0xde83cf15d27eb4795d4e1d33852bf14caebd2b47","0xdac17f958d2ee523a2206206994597c13d831ec7","","0","0","0","0.000023647396366922","0.0556362689093292","4527.74","","","Transfer"
"0x9dca559dc3ceecd9caddf557930a942838df5de4e837bca4d4aad7fb99159c0b","23533447","1759931567","2025-10-08 13:52:47","0xde83cf15d27eb4795d4e1d33852bf14caebd2b47","0x9e79e9caabb95cf282dbc992354275a9023b2156","","0","0.003360089439014357","7.90543012379561","0.000012192909372","0.0286867938474856","4527.74","","","Transfer"
"0x393cd7303174c7f29c86c4c7a4ed7923b86bc1c1e50f1ed88e48baa7f34e58a1","23533690","1759934483","2025-10-08 14:41:23","0xde83cf15d27eb4795d4e1d33852bf14caebd2b47","0xab7e4526f40efc667b4f2977319b1d9f38a7f7e4","","0","0.004470161606562298","10.5171457082161","0.000019029458259","0.0447714429305008","4527.74","","","Transfer"
"0x1e3c116077b31b82a229a054dc56463e4e670b5680107a275c29bc0a4d512ccb","23533937","1759937471","2025-10-08 15:31:11","0xab7e4526f40efc667b4f2977319b1d9f38a7f7e4","0xde83cf15d27eb4795d4e1d33852bf14caebd2b47","","0.6300977537401109","0","1482.45868265167","0.000015391597641","0.0362124883438208","4527.74","","","Transfer"
"0x8314388d9828a6b94315928ec1f9cf07a429a6ba5f4fb49bdae7371cb4f57937","23534354","1759942523","2025-10-08 16:55:23","0xde83cf15d27eb4795d4e1d33852bf14caebd2b47","0xdac17f958d2ee523a2206206994597c13d831ec7","","0","0","0","0.000081311782071969","0.191305803931162","4527.74","","","Transfer"
"0x005d910278bf87e372cdf320d48c3085e3fe6d9a34f0a11efcb26f0d4c719d0b","23534996","1759950287","2025-10-08 19:04:47","0xde83cf15d27eb4795d4e1d33852bf14caebd2b47","0xdac17f958d2ee523a2206206994597c13d831ec7","","0","0","0","0.0000230124936333","0.0541425053392952","4527.74","","","Transfer"
"0x6a75d5670c514c6f79ae7ee4fc1527c4ed3f05e0142ab8fe02d7db5ea0e6fb0b","23535065","1759951139","2025-10-08 19:18:59","0xde83cf15d27eb4795d4e1d33852bf14caebd2b47","0xa2cfe01ec1e363b7dd9ae04df337a49d60113134","","0","0.044257985619366463","104.127708230435","0.000007860116544","0.0184928417029605","4527.74","","","Transfer"
"0x74c5aee811a2dbab52543691a8fe6ab306599667c01c48edcc01ab6b6b099cdf","23538566","1759993427","2025-10-09 07:03:47","0xde83cf15d27eb4795d4e1d33852bf14caebd2b47","0xdac17f958d2ee523a2206206994597c13d831ec7","","0","0","0","0.000010453116822211","0.0245935074389275","4370.91","","","Transfer"
"0xf843c716275143e28c32fb39a1e0dde3f88a87fcd3f14d0240a3720afacb1781","23538570","1759993475","2025-10-09 07:04:35","0xde83cf15d27eb4795d4e1d33852bf14caebd2b47","0xdac17f958d2ee523a2206206994597c13d831ec7","","0","0","0","0.000008316916776952","0.0195675756907542","4370.91","","","Transfer"
"0xeb0fb58de2a83dca510cb78982e85361762f1ecefe588e1c5d315d8931fecb7c","23538575","1759993535","2025-10-09 07:05:35","0xde83cf15d27eb4795d4e1d33852bf14caebd2b47","0xdac17f958d2ee523a2206206994597c13d831ec7","","0","0","0","0.000008181322011856","0.0192485559265264","4370.91","","","Transfer"
"0x6c217151892b8fa533d5955a471e0d1182329c7c7c470a27159098c47bb450fb","23540081","1760011751","2025-10-09 12:09:11","0xde83cf15d27eb4795d4e1d33852bf14caebd2b47","0xdac17f958d2ee523a2206206994597c13d831ec7","","0","0","0","0.000030987039123727","0.0729045690545077","4370.91","","","Transfer"
"0xbec5a145cda7d8b4568de122b30cb64616909000b19e22e12dcea5f2588d0152","23540300","1760014379","2025-10-09 12:52:59","0xde83cf15d27eb4795d4e1d33852bf14caebd2b47","0xe899014204e556353c45520cae7a1c1779bdf350","","0","0.022787105421834677","53.6122245867124","0.000010646164746","0.025047699775101","4370.91","","","Transfer"
"0x2cb378b9cb92901f94dfe2e237120d27c8aad1d9c6b5d8e69f36f1a36b7812f3","23541142","1760024567","2025-10-09 15:42:47","0xa7b01856ef7b838dd9798f846bbc2f9a8716f74d","0xde83cf15d27eb4795d4e1d33852bf14caebd2b47","","1.05875570511154272","0","2490.98108751071","0.000027191724378","0.0639751652202583","4370.91","","","Transfer"
"0xef3a815f9541dee29417bd869ab67ba57af6aad4043a15b7460f629a8c84afc0","23541283","1760026259","2025-10-09 16:10:59","0xde83cf15d27eb4795d4e1d33852bf14caebd2b47","0x29641feafa94aeef8f2eb69952c597137f2307a3","","0","0.000232559666169355","0.547153349303216","0.000063168141834","0.148618463996953","4370.91","","","Transfer"
"0x19c0fee57311ac05eba6d929b5e45fd80fc37f2762d4db8dade918992efce8f8","23541731","1760031659","2025-10-09 17:40:59","0xa711614daf9941e2e8fee4cc0783ca5c4b1f4882","0xde83cf15d27eb4795d4e1d33852bf14caebd2b47","","0.1493361991396232","0","351.349840139321","0.000028570664199","0.0672194575516649","4370.91","","","Transfer"
"0x492997ee547b28ac9e2081033c54903e47c75d335e160bde976138ef34fca728","23541768","1760032103","2025-10-09 17:48:23","0xcf4cfb953e6d67b22cdd3d63827e1b518a256bb3","0xde83cf15d27eb4795d4e1d33852bf14caebd2b47","","0.4052145321508787","0","953.36604194827","0.000020574835596","0.0484073201219527","4370.91","","","Transfer"
"0xc21d3f141133aa0d16b7c055c3c399c3463d5aaf7b6aacc0f793fc4f89505038","23541772","1760032151","2025-10-09 17:49:11","0xcf4cfb953e6d67b22cdd3d63827e1b518a256bb3","0xde83cf15d27eb4795d4e1d33852bf14caebd2b47","","0.4510826862584373","0","1061.28206435961","0.00002056486068","0.0483838516986086","4370.91","","","Transfer"
"0x449495894f93a507f2d1c0c07d6509768c9a0f9deaa77f519c29c087e0a5ca85","23541777","1760032211","2025-10-09 17:50:11","0xde83cf15d27eb4795d4e1d33852bf14caebd2b47","0xa0b86991c6218b36c1d19d4a2e9eb0ce3606eb48","","0","0","0","0.00006473262707362","0.152299297190832","4370.91","","","Transfer"
"0xda7b0b53888872987b7d0cf22ba9a873ba7bebcbe1a7427f0444043641c49c38","23542068","1760035703","2025-10-09 18:48:23","0x301eeb08818702027fb32ce5db0af51f22c5ec49","0xde83cf15d27eb4795d4e1d33852bf14caebd2b47","","0.121644841858875","0","286.199166626229","0.00001192975665","0.02806766287094","4370.91","","","Transfer"
"0x0d2a0f8aa999a3cc83fe198c47d159880dbfda13b747192fda31baf4ea61fda3","23542111","1760036219","2025-10-09 18:56:59","0xde83cf15d27eb4795d4e1d33852bf14caebd2b47","0x8b992312e8352d37bb101579a91f521fdead2122","","0","0.012270074125576328","28.8683427551827","0.000016271658711","0.038283046708362","4370.91","","","Transfer"
"0x64666044d6084a0532f13f9c114de884a73bdefebc535cff64046c4ddeade6b3","23542149","1760036675","2025-10-09 19:04:35","0xde83cf15d27eb4795d4e1d33852bf14caebd2b47","0xdac17f958d2ee523a2206206994597c13d831ec7","","0","0","0","0.000026386994914847","0.0620818428385238","4370.91","","","Transfer"
"0x81899899359c80dc38f61abce6029d96e5ea6724f38f4ed061e0bb92e1e33e56","23542324","1760038787","2025-10-09 19:39:47","0xde83cf15d27eb4795d4e1d33852bf14caebd2b47","0xdac17f958d2ee523a2206206994597c13d831ec7","","0","0","0","0.000019176666979694","0.0451177873585828","4370.91","","","Transfer"
"0x1924fa79fc0784bb31f2ad1baf701a1c24f4b6219f3b7ff6af59a80557a5bced","23542386","1760039531","2025-10-09 19:52:11","0xde83cf15d27eb4795d4e1d33852bf14caebd2b47","0xdac17f958d2ee523a2206206994597c13d831ec7","","0","0","0","0.000023054954496413","0.0542424048784082","4370.91","","","Transfer"
"0x451592577ced6bc87fb7325a6a6a3d7112175d1054e050d78872bf52df8f407f","23545774","1760080475","2025-10-10 07:14:35","0xde83cf15d27eb4795d4e1d33852bf14caebd2b47","0xdac17f958d2ee523a2206206994597c13d831ec7","","0","0","0","0.000019649145009544","0.0462294071882929","3837.92","","","Transfer"
"0x40d9379e2e513194486eddd504a0e4fab43fef3ac6dd31dc415e57c3cb1cbb1c","23545793","1760080703","2025-10-10 07:18:23","0xde83cf15d27eb4795d4e1d33852bf14caebd2b47","0xdac17f958d2ee523a2206206994597c13d831ec7","","0","0","0","0.000011473107936129","0.0269932853687485","3837.92","","","Transfer"
"0x3a56cd3e5a79c56205115a0e030a58dc195cf6a56dc4273266e30641d04c995c","23545795","1760080727","2025-10-10 07:18:47","0xde83cf15d27eb4795d4e1d33852bf14caebd2b47","0xdac17f958d2ee523a2206206994597c13d831ec7","","0","0","0","0.000011947674674649","0.0281098193951606","3837.92","","","Transfer"
"0xc10335b2ad81250f60e8296e3880a3f1124df184f8596f9979780dc239a34296","23546072","1760084051","2025-10-10 08:14:11","0xde83cf15d27eb4795d4e1d33852bf14caebd2b47","0xdac17f958d2ee523a2206206994597c13d831ec7","","0","0","0","0.000018753656854111","0.0441225528417196","3837.92","","","Transfer"
"0xd6e17ea2ae07e5900c49f3c22dc4d45da77ef4fe04b169ca16f35de0cdb7c8b8","23546921","1760094347","2025-10-10 11:05:47","0xde83cf15d27eb4795d4e1d33852bf14caebd2b47","0xdac17f958d2ee523a2206206994597c13d831ec7","","0","0","0","0.000009148709743433","0.0215245715664084","3837.92","","","Transfer"
"0xf5bc6d574ff754cb0727f0a8d1232eac445cc3ef0be2fb9dc32146f6fc49af51","23547513","1760101475","2025-10-10 13:04:35","0xde83cf15d27eb4795d4e1d33852bf14caebd2b47","0x8d0b9717c91c6b2a6de62e91a646a62cd058ef1e","","0","0.004593739471026671","10.8078927820969","0.000017445120294","0.0410439013569473","3837.92","","","Transfer"
"0xe1a385b3c9a824f42426a25b733963a0fe49ca6e4d31364117f31f3d48d4ac38","23548387","1760112071","2025-10-10 16:01:11","0x301eeb08818702027fb32ce5db0af51f22c5ec49","0xde83cf15d27eb4795d4e1d33852bf14caebd2b47","","0.592709875997068","0","1394.4945792136","0.000236065071144","0.555400669675375","3837.92","","","Transfer"
"0x421230984fdbec2653802fa894f9f769e62ed00d39adaaaef4f3fd7ca78e69ed","23567560","1760343587","2025-10-13 08:19:47","0xde83cf15d27eb4795d4e1d33852bf14caebd2b47","0xdac17f958d2ee523a2206206994597c13d831ec7","","0","0","0","0.00001343467332435","0.0316083464828318","4245.01","","","Transfer"
"0xff7b8ec1e54ad863dd0dc3c1f531d48a82702ddbf5e35e43c2bff8bae0bdabc4","23567563","1760343623","2025-10-13 08:20:23","0xde83cf15d27eb4795d4e1d33852bf14caebd2b47","0xdac17f958d2ee523a2206206994597c13d831ec7","","0","0","0","0.000014265327974807","0.0335626641923389","4245.01","","","Transfer"
"0x3594c2307406474b038d1ba1b3b94340dfc1a4d27ea1e07f99a61c62c06297c2","23567572","1760343731","2025-10-13 08:22:11","0xde83cf15d27eb4795d4e1d33852bf14caebd2b47","0xdac17f958d2ee523a2206206994597c13d831ec7","","0","0","0","0.000014710348573326","0.0346096837164007","4245.01","","","Transfer"
"0x574df7324de793fb162d99928300e882f93428dbcd3bab389ac9a354eb377db2","23569361","1760365403","2025-10-13 14:23:23","0xde83cf15d27eb4795d4e1d33852bf14caebd2b47","0xdac17f958d2ee523a2206206994597c13d831ec7","","0","0","0","0.000095784772819418","0.225357045457","4245.01","","","Transfer"
"0x866374c6d491cb24e8c84a62ae70ee74ff67389f0e5d7a6349dbeb01cd062837","23569432","1760366279","2025-10-13 14:37:59","0xde83cf15d27eb4795d4e1d33852bf14caebd2b47","0x111111125421ca6dc452d289314280a0f8842a65","","0","7","16469.207701448","0.000234635942827473","0.552038296664389","4245.01","","","Swap"
"0x3c6f4e00a9a4d4f745e26f00e195c89f237d8f594fa6f463fb3e5281f192c245","23570000","1760373131","2025-10-13 16:32:11","0x8033f3260b520c1fd20a9a1893233e87c4598e5c","0xde83cf15d27eb4795d4e1d33852bf14caebd2b47","","2.162042697941015","0","5086.73289311279","0.000037538315199","0.088318044253536","4245.01","","","Transfer"
"0x40f0667bf7ff7973fec46145faf6894c25b072027a213c728c9cdd096ad25c8a","23570003","1760373167","2025-10-13 16:32:47","0x8033f3260b520c1fd20a9a1893233e87c4598e5c","0xde83cf15d27eb4795d4e1d33852bf14caebd2b47","","0.024536560661429","0","57.7282448303217","0.000037458106728","0.0881293342580625","4245.01","","","Transfer"
"0x00f34852151930f8267949d38f8e150c8addc08f8ae68c62b4e824c170f39d08","23570236","1760375987","2025-10-13 17:19:47","0xde83cf15d27eb4795d4e1d33852bf14caebd2b47","0x85bebaee8a2ba00def7d496a9aa875f2ea98503c","","0","0.002401448555300351","5.64999357736909","0.000019392093819","0.0456246315530109","4245.01","","","Transfer"
"0x0ea5380457ec5f0e7fbedab1f01bb56052271a813dc09f865f0f3f112d27fcfd","23570277","1760376503","2025-10-13 17:28:23","0xde83cf15d27eb4795d4e1d33852bf14caebd2b47","0xdac17f958d2ee523a2206206994597c13d831ec7","","0","0","0","0.000053535380168501","0.12595504219586","4245.01","","","Transfer"
"0x75cc545beaf7d5847282ef0edd62313fb1f8aa5e897ff9f8eb6be568a0c496c3","23570311","1760376923","2025-10-13 17:35:23","0xe3f67950361afbfe63274518d068868a0c998c89","0xde83cf15d27eb4795d4e1d33852bf14caebd2b47","","0.478405518112687429","0","1125.56569190238","0.000012318352494","0.0289819293947622","4245.01","","","Transfer"
"0xcb759eae6bb1e2556bb36f8a6ab8d70d182c09eee6a6a181ee395f8f32ac03fa","23570645","1760380967","2025-10-13 18:42:47","0xde83cf15d27eb4795d4e1d33852bf14caebd2b47","0x79f08a958ee0e533b4939b6a6a3167e646ba1744","","0","0.137260520126248947","322.93885930971","0.00002404450062","0.0565705535411964","4245.01","","","Transfer"
"0x2738727982e257d10f48754b1af7c6c2bfbb6c6b97bf327c8cc56ac2aa6ff9e2","23574393","1760426207","2025-10-14 07:16:47","0xde83cf15d27eb4795d4e1d33852bf14caebd2b47","0xdac17f958d2ee523a2206206994597c13d831ec7","","0","0","0","0.000045435038303046","0.106897011819444","4127.37","","","Transfer"
"0xb761d5084ebbddf424deaebf4c103197effbf3d39d4fd4ae297d4c4973c0c293","23574400","1760426291","2025-10-14 07:18:11","0xde83cf15d27eb4795d4e1d33852bf14caebd2b47","0xdac17f958d2ee523a2206206994597c13d831ec7","","0","0","0","0.000028591153216955","0.0672676629648506","4127.37","","","Transfer"
"0xbbb0f0b8d6c3123731f59a88746d41c5cdb63b74b858c536b67501140a28ca99","23574410","1760426411","2025-10-14 07:20:11","0xde83cf15d27eb4795d4e1d33852bf14caebd2b47","0xdac17f958d2ee523a2206206994597c13d831ec7","","0","0","0","0.000023644436251856","0.0556293045164946","4127.37","","","Transfer"
"0xd7b27d221607f63ba8fc44596f2133cf836bfb55db9c665dd02d7ff1bca77463","23575745","1760442515","2025-10-14 11:48:35","0xde83cf15d27eb4795d4e1d33852bf14caebd2b47","0xdac17f958d2ee523a2206206994597c13d831ec7","","0","0","0","0.000125220658776821","0.294612148272515","4127.37","","","Transfer"
"0x78464c38200a85d5760a5ff6428c339674fd5636fc06b3f06a342226e63e6bbd","23576566","1760452451","2025-10-14 14:34:11","0x0f776cc057622f0da2f257d2b987a7cf3386b7cc","0xde83cf15d27eb4795d4e1d33852bf14caebd2b47","","0.57265605","0","1347.31306127725","0.000029099677446","0.0684640902719021","4127.37","","","Transfer"
"0x57e35f33358d8cad65a31211cc4d923ecabc54b6208b588261eb8095fa274f4d","23576576","1760452571","2025-10-14 14:36:11","0x0f776cc057622f0da2f257d2b987a7cf3386b7cc","0xde83cf15d27eb4795d4e1d33852bf14caebd2b47","","0.32769789","0","770.98923053375","0.000027291402201","0.0642096816160033","4127.37","","","Transfer"
"0x68667e3ce107718ef7bb4c4fde200b34495baf2b4c1c781ed02bd70a62b4fcbe","23578409","1760474771","2025-10-14 20:46:11","0x2b8a67a122561ed39ffd5f6fe224c7235f9f2753","0xde83cf15d27eb4795d4e1d33852bf14caebd2b47","","0.822382015074846","0","1934.85431660042","0.00000812109333","0.0191068532592305","4127.37","","","Transfer"
"0xbcab48c984a8a6305a75877b280094cbb13c3a20dbda64b2d3240d5814253864","23581993","1760518043","2025-10-15 08:47:23","0xde83cf15d27eb4795d4e1d33852bf14caebd2b47","0xa0b86991c6218b36c1d19d4a2e9eb0ce3606eb48","","0","0","0","0.00004019829518524","0.0945762960928333","3988.16","","","Transfer"
"0xd5344d7c8e27686451fa755579faead2e2882bae6faa9c3f8240f2c37055b4d2","23582481","1760523911","2025-10-15 10:25:11","0xde83cf15d27eb4795d4e1d33852bf14caebd2b47","0xdac17f958d2ee523a2206206994597c13d831ec7","","0","0","0","0.000066313913963264","0.156019660365278","3988.16","","","Transfer"
"0x6c888499a1ffd467235a2576f6ea171172cf91dac5037180a8116d256e23dc72","23582649","1760525927","2025-10-15 10:58:47","0xde83cf15d27eb4795d4e1d33852bf14caebd2b47","0xdac17f958d2ee523a2206206994597c13d831ec7","","0","0","0","0.000032246256251671","0.0758671845432693","3988.16","","","Transfer"
"0xb7dbe9e3305163c840511068e0f20166424d872879675ceedff984e50e9bd293","23582665","1760526119","2025-10-15 11:01:59","0xde83cf15d27eb4795d4e1d33852bf14caebd2b47","0xdac17f958d2ee523a2206206994597c13d831ec7","","0","0","0","0.000049151898948509","0.115641833243368","3988.16","","","Transfer"
"0xf6aaaafb1ae681b5d95315c711d3ed0cf2916812c5c30e35a8def6eb1e8dcd12","23582943","1760529479","2025-10-15 11:57:59","0xde83cf15d27eb4795d4e1d33852bf14caebd2b47","0xdac17f958d2ee523a2206206994597c13d831ec7","","0","0","0","0.000027275494964669","0.0641722559618474","3988.16","","","Transfer"
"0x468dd47824a7eacea542b2911b26170583f955b3103cf77fe380aad608964b6b","23583017","1760530367","2025-10-15 12:12:47","0xde83cf15d27eb4795d4e1d33852bf14caebd2b47","0xa0b86991c6218b36c1d19d4a2e9eb0ce3606eb48","","0","0","0","0.00002938265803308","0.0691298711382019","3988.16","","","Transfer"
"0xae5e782fa59c7a67b37fa2ce092142b96a1e340d2e8771991430cf41436f86fa","23583058","1760530871","2025-10-15 12:21:11","0xde83cf15d27eb4795d4e1d33852bf14caebd2b47","0x111111125421ca6dc452d289314280a0f8842a65","","0","0","0","0.000451442818390338","1.06212936305679","3988.16","","","Swap"
"0x072d980b128333493e075b282642c386c2f9bf5e461aca12b84477970f03c586","23583157","1760532071","2025-10-15 12:41:11","0xde83cf15d27eb4795d4e1d33852bf14caebd2b47","0xdac17f958d2ee523a2206206994597c13d831ec7","","0","0","0","0.000057332691578285","0.134889143669405","3988.16","","","Transfer"
"0x959b0ab0ee628128ab2dd8fd2b8af7992020c1aacdef3a9cfd40649100283bd2","23583656","1760538131","2025-10-15 14:22:11","0xde83cf15d27eb4795d4e1d33852bf14caebd2b47","0xdac17f958d2ee523a2206206994597c13d831ec7","","0","0","0","0.000097145264903049","0.228557934985785","3988.16","","","Transfer"
"0x68cfc9b02dc6fc12c0e9d96cfb2b87039a6dfb9fd3ad95dad30e0c91b680c16c","23583756","1760539343","2025-10-15 14:42:23","0xde83cf15d27eb4795d4e1d33852bf14caebd2b47","0x9508b8b997868a250b7b458e70b161fad603dc05","","0","6","14116.4637440983","0.000031300549287","0.073642178196716","3988.16","","","Transfer"
"0x4440680383b1d2a366f2cb4f8ce51454ea1dd9f40d1a7456825039e82390e8f4","23583782","1760539655","2025-10-15 14:47:35","0xde83cf15d27eb4795d4e1d33852bf14caebd2b47","0xdac17f958d2ee523a2206206994597c13d831ec7","","0","0","0","0.000075816458147234","0.178376713773562","3988.16","","","Transfer"
"0xe6f8cf18d1779428381bec1ecdcbfabeb03f900f582cded9fbee87bd1b2c453f","23584314","1760546099","2025-10-15 16:34:59","0xe85d058d2b740206404552687a1791e116651d28","0xde83cf15d27eb4795d4e1d33852bf14caebd2b47","","0.048643123270598","0","114.444814341517","0.000024626471457","0.0579397819113019","3988.16","","","Transfer"
"0xfb00a2535adeafae6042af479a2251b552641c5938d78c45c91c2943d77c009c","23589454","1760608367","2025-10-16 09:52:47","0xde83cf15d27eb4795d4e1d33852bf14caebd2b47","0xaf7457cf78ee157d1b0095493ea5c5c54bab8e65","","0","0.024766080758047913","58.2682468507321","0.000030311086281","0.0713142250883284","3895.41","","","Transfer"
"0x80be9d239aa7225718c28a23884a501b530504472b86f0c6adc1985afcc9277b","23590101","1760616203","2025-10-16 12:03:23","0xde83cf15d27eb4795d4e1d33852bf14caebd2b47","0xdac17f958d2ee523a2206206994597c13d831ec7","","0","0","0","0.000031674181795474","0.0745212398232976","3895.41","","","Transfer"
"0xba2fb633564714dcd1e225caed2b1ce3f5612652a7abbe3f32158dc3b6a1e6ed","23590770","1760624327","2025-10-16 14:18:47","0xde83cf15d27eb4795d4e1d33852bf14caebd2b47","0xdac17f958d2ee523a2206206994597c13d831ec7","","0","0","0","0.000082045075257612","0.193031055042649","3895.41","","","Transfer"
"0x743000ca3c1d01d0043c844b034f5ec60df8be324d638575f93e795fcec9e450","23590800","1760624687","2025-10-16 14:24:47","0xde83cf15d27eb4795d4e1d33852bf14caebd2b47","0xa0b86991c6218b36c1d19d4a2e9eb0ce3606eb48","","0","0","0","0.00006778567517634","0.159482337666004","3895.41","","","Transfer"
"0xaa5efd977a7eccb9b9bf18f05c2169137199a69d25fa76da94dbf9a42df7d1c9","23590907","1760625983","2025-10-16 14:46:23","0xde83cf15d27eb4795d4e1d33852bf14caebd2b47","0x20d4a18dd80bf62b52da0830e981d2d7ecee4782","","0","0.007406888863874656","17.426513017242","0.000022506840489","0.0529528329595285","3895.41","","","Transfer"
"0x39f057118a3f03002cc4b54d0d7c3aa1fb1affe8d517fe449e053c86481c5576","23591056","1760627819","2025-10-16 15:16:59","0xde83cf15d27eb4795d4e1d33852bf14caebd2b47","0xdac17f958d2ee523a2206206994597c13d831ec7","","0","0","0","0.000059029964792788","0.138882392968798","3895.41","","","Transfer"
"0x8b6d8eaffced372051ff49b7c00848ae66779667dbf41c9d65bf17530347491c","23591062","1760627891","2025-10-16 15:18:11","0xde83cf15d27eb4795d4e1d33852bf14caebd2b47","0xdac17f958d2ee523a2206206994597c13d831ec7","","0","0","0","0.000055592993339862","0.130796079151343","3895.41","","","Transfer"
"0x710e4f56358516b1b23f5cc2605f1c1b90fcbb99adc7583f85ff22c6c0922aa1","23591434","1760632367","2025-10-16 16:32:47","0x2b8a67a122561ed39ffd5f6fe224c7235f9f2753","0xde83cf15d27eb4795d4e1d33852bf14caebd2b47","","0.841795166448557","0","1980.52849118804","0.000086323184892","0.203096351633835","3895.41","","","Transfer"
"0xe25c4949ca313b2d19b8b446375df92634432a9b2923995c946f2b221fbadce8","23591459","1760632667","2025-10-16 16:37:47","0xde83cf15d27eb4795d4e1d33852bf14caebd2b47","0xa0b86991c6218b36c1d19d4a2e9eb0ce3606eb48","","0","0","0","0.000288468905927672","0.678693475304612","3895.41","","","Transfer"
"0x9475569a4e58f8834b4e302074fd3383a2a795cf2a9ded0d561004dbdefef0f5","23591467","1760632763","2025-10-16 16:39:23","0xde83cf15d27eb4795d4e1d33852bf14caebd2b47","0xdac17f958d2ee523a2206206994597c13d831ec7","","0","0","0","0.000286986570438676","0.675205919440112","3895.41","","","Transfer"
"0x194a760057724bace046e0818eb52f12c88115f54b4834a078c858d6cc2841b3","23591720","1760635811","2025-10-16 17:30:11","0x0f776cc057622f0da2f257d2b987a7cf3386b7cc","0xde83cf15d27eb4795d4e1d33852bf14caebd2b47","","0.1889644","0","444.584850254214","0.000042112224021","0.099079280595965","3895.41","","","Transfer"
"0xa873a250cd21ad28475348ec3b0fa4f12185ad4da499fc31f342a7fe9072afb9","23591767","1760636375","2025-10-16 17:39:35","0x0f776cc057622f0da2f257d2b987a7cf3386b7cc","0xde83cf15d27eb4795d4e1d33852bf14caebd2b47","","0.31251956","0","735.27850634359","0.000025522187271","0.0600471718801929","3895.41","","","Transfer"
"0xd8433ee5e4b72b4a949ca5aa3ab6286f702b3ea57bf020f22f17b6c362cfcff2","23592464","1760644739","2025-10-16 19:58:59","0xde83cf15d27eb4795d4e1d33852bf14caebd2b47","0xa0b86991c6218b36c1d19d4a2e9eb0ce3606eb48","","0","0","0","0.000049848876156224","0.11728164215723","3895.41","","","Transfer"
"0x0ae4082a76d5a4d364e48531fd5ad09fbb19c8b1a6d27569d5dbcb7a25d178f1","23596947","1760698859","2025-10-17 11:00:59","0xde83cf15d27eb4795d4e1d33852bf14caebd2b47","0xdac17f958d2ee523a2206206994597c13d831ec7","","0","0","0","0.000073935644786815","0.173951641504934","3833.18","","","Transfer"
"0x1c5a5d89428d2a617d2644594d5cb86f63bab7d697be73b5ed59b8eabfc4df90","23597849","1760709731","2025-10-17 14:02:11","0x0f776cc057622f0da2f257d2b987a7cf3386b7cc","0xde83cf15d27eb4795d4e1d33852bf14caebd2b47","","0.21870961","0","514.567713341812","0.000049094173674","0.115506020452581","3833.18","","","Transfer"
"0xd70ac4c3c9739b1bc240b3e4b7084164da124d4fb967cc83356ec8e023644452","23599346","1760727815","2025-10-17 19:03:35","0xab7e4526f40efc667b4f2977319b1d9f38a7f7e4","0xde83cf15d27eb4795d4e1d33852bf14caebd2b47","","1.3850704533953788","0","3258.7161397296","0.000008644944483","0.020339340894002","3833.18","","","Transfer"
"0x346125a3fc31bc173ba386205f090911e3ee3ca86ab28edd87f11204c4d6408d","23601012","1760747975","2025-10-18 00:39:35","0xf68a5507e93e779e9cd8aa57ad7954e1d4ec1cdf","0xde83cf15d27eb4795d4e1d33852bf14caebd2b47","","0.000000001","0","0.00000235274395734971","0.000002661035433","0.00626073503528422","3890.70","","","Transfer"
"0xfcb7fab632a19cb5e1844369f162d721ed3ef8bd477542dba9ab6c105a04bc46","23617888","1760952035","2025-10-20 09:20:35","0xde83cf15d27eb4795d4e1d33852bf14caebd2b47","0xdac17f958d2ee523a2206206994597c13d831ec7","","0","0","0","0.000010183306319991","0.0239587124101999","3981.10","","","Transfer"
"0xf40f233f87721b6945c86bdda59b005bfcbc7620fcc5d42e0b01bb9f222037c3","23617892","1760952083","2025-10-20 09:21:23","0xde83cf15d27eb4795d4e1d33852bf14caebd2b47","0xdac17f958d2ee523a2206206994597c13d831ec7","","0","0","0","0.000005953129070735","0.0140061884484947","3981.10","","","Transfer"
"0x8d432f3292ba3dc44eec718c21ce327060334a9719f932194da92d1e34159b4b","23617896","1760952131","2025-10-20 09:22:11","0xde83cf15d27eb4795d4e1d33852bf14caebd2b47","0xdac17f958d2ee523a2206206994597c13d831ec7","","0","0","0","0.000007071851541993","0.0166382559826983","3981.10","","","Transfer"
"0xfbb09bc9e8cb5f88e24fc96ebb3e7c1bc99e7b867dfbf2d82ea569cd7d77cfd1","23618089","1760954471","2025-10-20 10:01:11","0xab7e4526f40efc667b4f2977319b1d9f38a7f7e4","0xde83cf15d27eb4795d4e1d33852bf14caebd2b47","","0.5176228752517632","0","1217.83409193457","0.000007420096026","0.0174575860881261","3981.10","","","Transfer"
"0x9826fb691747f0fc97425f20de6ded373ca587101bf567666f6e6aae831b894b","23619065","1760966351","2025-10-20 13:19:11","0xde83cf15d27eb4795d4e1d33852bf14caebd2b47","0xdac17f958d2ee523a2206206994597c13d831ec7","","0","0","0","0.000013493368674388","0.0317464416129582","3981.10","","","Transfer"
"0x8501400a1f1e69782fbb5a31c9e314d3dd9932c6b88e4a2ea1ef2f784c0a2c41","23625401","1761043163","2025-10-21 10:39:23","0xde83cf15d27eb4795d4e1d33852bf14caebd2b47","0x9508b8b997868a250b7b458e70b161fad603dc05","","0","3","7058.23187204913","0.000002888258625","0.00679533302723193","3875.11","","","Transfer"
"0x50827eb8d10e22cb2f6323a2b1736eea03b678c100ce547ba94bb6621666d9e7","23625421","1761043403","2025-10-21 10:43:23","0x9508b07c581fcb301f97d05398a49e370cc3dc05","0xde83cf15d27eb4795d4e1d33852bf14caebd2b47","","0.000000001","0","0.00000235274395734971","0.000002137888641","0.00502990458159933","3875.11","","","Transfer"
"0xbe1dae7521ae49b5a62d04e6c8c39557895a7e0c98f9650638347be55b60988b","23625430","1761043511","2025-10-21 10:45:11","0xde83cf15d27eb4795d4e1d33852bf14caebd2b47","0x1231deb6f5749ef6ce6943a275a1d3e7486f4eae","","0","0.66","1552.81101185081","0.000073773635758756","0.173570475743132","3875.11","","","Swap Tokens Multiple V3Native To ERC20"
"0x6055e832b5979228b20074c8593ae8fac69206f9e5c8f9bdb54469167865838e","23625469","1761043979","2025-10-21 10:52:59","0xde83cf15d27eb4795d4e1d33852bf14caebd2b47","0xdac17f958d2ee523a2206206994597c13d831ec7","","0","0","0","0.000016912208069604","0.0397900953412018","3875.11","","","Transfer"
"0xe840d7aaef17dba5674d43b552ea637cf05c447afc52ab3331550f4c6780385b","23626331","1761054467","2025-10-21 13:47:47","0x0f776cc057622f0da2f257d2b987a7cf3386b7cc","0xde83cf15d27eb4795d4e1d33852bf14caebd2b47","","0.24615232","0","579.133383467612","0.000010063580058","0.0236770271707645","3875.11","","","Transfer"
"0x9bb80d47db828a0aa11b28a45e5c7b2f638ecffc1a2f077778e53e6469304468","23626933","1761061763","2025-10-21 15:49:23","0xde83cf15d27eb4795d4e1d33852bf14caebd2b47","0x1231deb6f5749ef6ce6943a275a1d3e7486f4eae","","0","0.2","470.548791469942","0.000306886450298332","0.722025241531903","3875.11","","","Swap And Start Bridge Tokens Via Relay"
"0xc6c4bf8090f891a34861b1fc857a8a8a4e5ae79b1c74103f7ca181e02702ce97","23627190","1761064883","2025-10-21 16:41:23","0xde83cf15d27eb4795d4e1d33852bf14caebd2b47","0xab7e4526f40efc667b4f2977319b1d9f38a7f7e4","","0","0.002437170592464369","5.73403838445096","0.000025239117435","0.059381181034036","3875.11","","","Transfer"
"0x11f399f27be68f5021531ba59bf9229ab1f30cdb10476d382f164b51d4e7430c","23627618","1761070103","2025-10-21 18:08:23","0x25d21a2c6c71ce5da77ec0d1334bf26b344f1b2c","0xde83cf15d27eb4795d4e1d33852bf14caebd2b47","","0.499864975427547","0","1176.05430042792","0.000009177609189","0.0215925645623369","3875.11","","","Transfer"
"0xca0dcbfdf25e1c48b0c6cab9c28953b36eceebacb3d74300882db9a32c06741f","23632694","1761131567","2025-10-22 11:12:47","0xde83cf15d27eb4795d4e1d33852bf14caebd2b47","0xdac17f958d2ee523a2206206994597c13d831ec7","","0","0","0","0.00007087788628474","0.166757518666142","3806.62","","","Transfer"
"0x81fbc5c3b8fbda347a97d700e117abd351ad7d1f491d8df4e4acf6e0ebacdf59","23634286","1761150935","2025-10-22 16:35:35","0xab7e4526f40efc667b4f2977319b1d9f38a7f7e4","0xde83cf15d27eb4795d4e1d33852bf14caebd2b47","","0.48651798815705943","0","1144.65225677846","0.000011372024076","0.0267554609276444","3806.62","","","Transfer"
"0x09522a3b209bfdba740859ddccfdf31db45356a9858b1902fc1311b53a1330a4","23634436","1761152747","2025-10-22 17:05:47","0x8033f3260b520c1fd20a9a1893233e87c4598e5c","0xde83cf15d27eb4795d4e1d33852bf14caebd2b47","","4.933732560364355","0","11607.8094685767","0.000007768960563","0.0182783750194865","3806.62","","","Transfer"
"0x87f96cc554b4e6d39f6375fa72db49fa3b1b5fc9d77025ae04e11b922d584e97","23634916","1761158531","2025-10-22 18:42:11","0x0f776cc057622f0da2f257d2b987a7cf3386b7cc","0xde83cf15d27eb4795d4e1d33852bf14caebd2b47","","0.03238629","0","76.1966480984753","0.00000321690138","0.00756854528318494","3806.62","","","Transfer"
"0xb4cd9fe445dffb625371de0ec089012604119abdef1fe2bdafb538ded604bf90","23634989","1761159419","2025-10-22 18:56:59","0x9bba27ce96de3873f89423ca2cd8b7063306ee1f","0xde83cf15d27eb4795d4e1d33852bf14caebd2b47","","0.274316533278293","0","645.396566071624","0.000004612303857","0.0108515700290175","3806.62","","","Transfer"
"0x33456979662ba4aa7125c6c72a2d9ec8ae8bda444e12e35652e577bf1dcc5d58","23639508","1761214103","2025-10-23 10:08:23","0xde83cf15d27eb4795d4e1d33852bf14caebd2b47","0xdac17f958d2ee523a2206206994597c13d831ec7","","0","0","0","0.000008839403824928","0.0207968539356733","3858.38","","","Transfer"
"0x53b54ea51194018d5e064de28141366448abf34df05a139aefde5741bff7015b","23639585","1761215039","2025-10-23 10:23:59","0xde83cf15d27eb4795d4e1d33852bf14caebd2b47","0x111111125421ca6dc452d289314280a0f8842a65","","0","6.3","14822.2869313032","0.000104656900824","0.246230891008614","3858.38","","","Swap"
"0x3f23753dca825af695c31e1ac4deb024c2be2e7f7af854525eba1c1a2de475b6","23639598","1761215195","2025-10-23 10:26:35","0xde83cf15d27eb4795d4e1d33852bf14caebd2b47","0xdac17f958d2ee523a2206206994597c13d831ec7","","0","0","0","0.000008576444267778","0.0201781774265612","3858.38","","","Transfer"
"0x439d41fc7d0ab96588deebecec60fcdd994bf293f5c39a227fc6ffa93b945653","23639942","1761219347","2025-10-23 11:35:47","0xde83cf15d27eb4795d4e1d33852bf14caebd2b47","0xdac17f958d2ee523a2206206994597c13d831ec7","","0","0","0","0.000007706047106444","0.0181303557647383","3858.38","","","Transfer"
"0x3a2a8bfa8ccd474d5fab9028a58dfc56017012fe3f19bd462fd7472c34519af7","23640181","1761222263","2025-10-23 12:24:23","0x8d0b9717c91c6b2a6de62e91a646a62cd058ef1e","0xde83cf15d27eb4795d4e1d33852bf14caebd2b47","","0.25950299985467834","0","610.544114822217","0.000024876132855","0.0585271712568298","3858.38","","","Transfer"
"0x1f458784c05febf5622d54fb80cbb2c26f91ff6210fefe0b2b0994cfb509051f","23642102","1761245519","2025-10-23 18:51:59","0x8d0b9717c91c6b2a6de62e91a646a62cd058ef1e","0xde83cf15d27eb4795d4e1d33852bf14caebd2b47","","1.720782812866979455","0","4048.56136488402","0.000005533104066","0.0130179771566686","3858.38","","","Transfer"
"0xcaa60feaf025365d07e49d85e618601f244349410035e45d75382f9ece20d7b8","23648196","1761319439","2025-10-24 15:23:59","0x8d0b9717c91c6b2a6de62e91a646a62cd058ef1e","0xde83cf15d27eb4795d4e1d33852bf14caebd2b47","","0.5620273860617209","0","1322.30653642177","0.000018579564297","0.0437129576299572","3936.24","","","Transfer"
"0xfca5b2770e792d78b164369d298a7d1221527799875ea4d495298b1c743140ce","23648585","1761324155","2025-10-24 16:42:35","0x37e4102c936b7e069eedec504773b0615e4e0d9d","0xde83cf15d27eb4795d4e1d33852bf14caebd2b47","","0.609875474169173","0","1434.88083658731","0.000006997238997","0.0164627117683235","3936.24","","","Transfer"
"0x8d7500d53a49f71ce3a6165a24298bee0eaf2a97e6b360c5d27d1a883a0fd6bb","23648648","1761324911","2025-10-24 16:55:11","0xde83cf15d27eb4795d4e1d33852bf14caebd2b47","0xdac17f958d2ee523a2206206994597c13d831ec7","","0","0","0","0.000015582705795485","0.0366621168994856","3936.24","","","Transfer"
"0x324d000698a864eaf03c64700da3a8f07a05c1b744e7f3aa17bac22a4583676f","23669536","1761577259","2025-10-27 15:00:59","0xde83cf15d27eb4795d4e1d33852bf14caebd2b47","0xd53e8c08997ce71e3dc7f7df7f144478d15a81d4","","0","2.894276955353489781","6809.49261760444","0.000047205546675","0.111062564692996","4121.47","","","Transfer"
"0x6c9925b49912055b498d4fd15cfc1f135ca1f94addd22a14152913786ceb8cc8","23670170","1761584915","2025-10-27 17:08:35","0x8d0b9717c91c6b2a6de62e91a646a62cd058ef1e","0xde83cf15d27eb4795d4e1d33852bf14caebd2b47","","0.8452483273105433","0","1988.65289453983","0.000013104454041","0.0308314250593297","4121.47","","","Transfer"
"0xcff03008ad75a887f065bd4d4fad84fc65ed8f4fa516d2a0f59831bdcff0db06","23670694","1761591251","2025-10-27 18:54:11","0xd53e2e72742f2f798514cdd99bca2ce3453d81d4","0xde83cf15d27eb4795d4e1d33852bf14caebd2b47","","0.000000001","0","0.00000235274395734971","0.000007486897698","0.017614753318265","4121.47","","","Transfer"
"0xcb28007a7b3d1a52cbfabc7fb50d624dd10910eb38e22cce6c81171c201c8f1a","23670904","1761593771","2025-10-27 19:36:11","0xef2272b32f5c6d8ccb69e9554449890e74f8395b","0xde83cf15d27eb4795d4e1d33852bf14caebd2b47","","0.24838914774290893","0","584.396066423373","0.000008839293078","0.0207965933765076","4121.47","","","Transfer"
"0x1fbc483fea1df2c4d103ba8e5914108ceffc120fb6dafc9477ab7c9a914617e9","23672342","1761611183","2025-10-28 00:26:23","0xd53ee47d825d976e97fcd3ea10ff8b3dfdda81d4","0xde83cf15d27eb4795d4e1d33852bf14caebd2b47","","0.000000000000000002","0","0.0000000000000047054879146994","0.000001698339678","0.00399575841494175","3981.51","","","Transfer"
"0xf149e6db3f6ef19ac45297c2c9b0fb77ae6d728ef868cebf0856c58396bb6ef6","23672354","1761611339","2025-10-28 00:28:59","0xd53e2e72742f2f798514cdd99bca2ce3453d81d4","0xde83cf15d27eb4795d4e1d33852bf14caebd2b47","","0.000000001","0","0.00000235274395734971","0.000001710865926","0.00402522946923202","3981.51","","","Transfer"
"0x31db49f62aae65f5d58257be6c1990254af43cbabf5dd7ab117d0d226b7d4237","23672356","1761611363","2025-10-28 00:29:23","0xd53e2e72742f2f798514cdd99bca2ce3453d81d4","0xde83cf15d27eb4795d4e1d33852bf14caebd2b47","","0.000000001","0","0.00000235274395734971","0.000001800943557","0.00423715907125964","3981.51","","","Transfer"
"0x23d46d0b293fffe608c11f91fb17333367972a884555904343bb9a1aa191fc3d","23673338","1761623219","2025-10-28 03:46:59","0xd53ee47d825d976e97fcd3ea10ff8b3dfdda81d4","0xde83cf15d27eb4795d4e1d33852bf14caebd2b47","","0.000000000000000002","0","0.0000000000000047054879146994","0.000001698339678","0.00399575841494175","3981.51","","","Transfer"
"0xd3a7df363804574716bfd97f7d66071606f9aa57bf3766a52d49ada22b138d9a","23673358","1761623459","2025-10-28 03:50:59","0xd53e2e72742f2f798514cdd99bca2ce3453d81d4","0xde83cf15d27eb4795d4e1d33852bf14caebd2b47","","0.000000001","0","0.00000235274395734971","0.000002182033014","0.00513376498842608","3981.51","","","Transfer"
"0xd7164c95a8831757ba67aca0ee047ddf7fafd1b4be89a4dd8ca18b2c786a8304","23676921","1761666611","2025-10-28 15:50:11","0x0f776cc057622f0da2f257d2b987a7cf3386b7cc","0xde83cf15d27eb4795d4e1d33852bf14caebd2b47","","0.65764103","0","1547.26095943774","0.000010187197377","0.0239678670710656","3981.51","","","Transfer"
"0xb6f1885bb54afed68445ea6e6b8428efd2f908e961143c90ba7fd695f5bf3f1a","23677451","1761673067","2025-10-28 17:37:47","0x0f776cc057622f0da2f257d2b987a7cf3386b7cc","0xde83cf15d27eb4795d4e1d33852bf14caebd2b47","","0.32355098","0","761.232613089577","0.000004608459219","0.0108425245801948","3981.51","","","Transfer"
"0x37dcffd212b2815b39807ab8236d07718af14943a2c922901229193a2b914299","23677822","1761677579","2025-10-28 18:52:59","0xde83cf15d27eb4795d4e1d33852bf14caebd2b47","0xa0b86991c6218b36c1d19d4a2e9eb0ce3606eb48","","0","0","0","0.000014792557576336","0.0348031004514722","3981.51","","","Transfer"
"0xebaebc558ee08bf9c131426363117f051a1662484f112f2e61e66fe44c64b18c","23684126","1761753899","2025-10-29 16:04:59","0xde83cf15d27eb4795d4e1d33852bf14caebd2b47","0xcd8ddc032e46c75699d9a161572bb291004e63c7","","0","0.030406916108121916","71.5396881350234","0.000023611335279","0.0555514264026253","3904.34","","","Transfer"
"0xb1f6e9d84feb4d2d1eaf4d165c807fd390221be6e1c5b04c78ab9249d9252f6b","23684186","1761754619","2025-10-29 16:16:59","0xcd8de7509542c9919948b5e2509165af17ee63c7","0xde83cf15d27eb4795d4e1d33852bf14caebd2b47","","0.000000001","0","0.00000235274395734971","0.000021213465147","0.0499098519390529","3904.34","","","Transfer"
"0x16f8321f8949d0da3d79b29e5a87faf3bea19d3b896629a9f03c25926787f826","23684201","1761754799","2025-10-29 16:19:59","0xcd8de29a13ec01486b5d5336403ed3ca92be63c7","0xde83cf15d27eb4795d4e1d33852bf14caebd2b47","","0.000000001","0","0.00000235274395734971","0.000016415326788","0.0386210609083878","3904.34","","","Transfer"
"0xdfb5fda7a7752d7f77156ab6524eaf475aed4b50820831fd2ca6c4fe7ea5f377","23684207","1761754871","2025-10-29 16:21:11","0xcd8de29a13ec01486b5d5336403ed3ca92be63c7","0xde83cf15d27eb4795d4e1d33852bf14caebd2b47","","0.000000001","0","0.00000235274395734971","0.000019088026104","0.0449092380739195","3904.34","","","Transfer"
"0xc2a74d183444b3e4d7c8955b6c04d04337e0f15285fda71b559022717205a889","23685101","1761765683","2025-10-29 19:21:23","0xcd8de7509542c9919948b5e2509165af17ee63c7","0xde83cf15d27eb4795d4e1d33852bf14caebd2b47","","0.000000001","0","0.00000235274395734971","0.000025209814854","0.0593122395636535","3904.34","","","Transfer"
"0x21c6e986f220d860d71be92b5fc96281ba8a824cdff188f63b0fdca49a078e31","23685262","1761767615","2025-10-29 19:53:35","0xde83cf15d27eb4795d4e1d33852bf14caebd2b47","0xb909c95320af89b95da29c7bfe169f5c3874a9a9","","0","0.002550047628845289","5.99960914971971","0.0000220580094","0.0518968483270131","3904.34","","","Transfer"
"0xbbdb039b6f382f099ed7e4528e184e07a381985eb919ea849825408f8415d7aa","23687126","1761790103","2025-10-30 02:08:23","0xcd8dd90bd998b4b04c747de923f8ea72cf7c63c7","0xde83cf15d27eb4795d4e1d33852bf14caebd2b47","","0.000000000000000304","0","0.000000000000715234163034312","0.00000204269268","0.00480593285959248","3804.35","","","Transfer"
"0xc376ba98dc751427c50fbb4bed04a6704e796bcfafdbaabf9203b36d0936907b","23687536","1761795071","2025-10-30 03:31:11","0xcd8de29a13ec01486b5d5336403ed3ca92be63c7","0xde83cf15d27eb4795d4e1d33852bf14caebd2b47","","0.000000001","0","0.00000235274395734971","0.000002233334586","0.00525446445195162","3804.35","","","Transfer"
"0xdc028a027644ef2e976a928efba4aafde8c07c1485b2d52abbb7ec5382b406c7","23690402","1761829703","2025-10-30 13:08:23","0x595a06d7f3ced9fa6d39befd60cb3a3952ba1f66","0xde83cf15d27eb4795d4e1d33852bf14caebd2b47","","0.490197483186716","0","1153.30916647558","0.000038050538736","0.0895231750850251","3804.35","","","Transfer"
"0xa7acd047d4c1ca5f9be67cfdab486cd167f3092eaee3a9eac2b42cb0f9e9bb35","23690674","1761832979","2025-10-30 14:02:59","0x9bba27ce96de3873f89423ca2cd8b7063306ee1f","0xde83cf15d27eb4795d4e1d33852bf14caebd2b47","","0.381632709775572","0","897.884051851473","0.000043301811546","0.101878075457147","3804.35","","","Transfer"
"0x67edfc7f5a7a73ff63ead5512ec56083e92c94159e5a25677144981e8fb9232f","23691942","1761848339","2025-10-30 18:18:59","0x0f776cc057622f0da2f257d2b987a7cf3386b7cc","0xde83cf15d27eb4795d4e1d33852bf14caebd2b47","","0.05369694","0","126.33515111317","0.000012170290146","0.0286335766001942","3804.35","","","Transfer"
"0x309a7dc5c76bdd95c1e559bd227447b74fa4d1f7d20af346612b4301171f25fd","23692666","1761857135","2025-10-30 20:45:35","0xde83cf15d27eb4795d4e1d33852bf14caebd2b47","0xa0b86991c6218b36c1d19d4a2e9eb0ce3606eb48","","0","0","0","0.00003171854210424","0.074625608271693","3804.35","","","Transfer"
"0x4df00bcff47f60b5d4f570ff11e35afce6251e0eadd122899d6c9758fee50958","23692669","1761857171","2025-10-30 20:46:11","0xde83cf15d27eb4795d4e1d33852bf14caebd2b47","0xdac17f958d2ee523a2206206994597c13d831ec7","","0","0","0","0.000031114913953413","0.0732054257873486","3804.35","","","Transfer"
"0x3f0e2a93e0848d6c1f99e66846dab177bb89db649d3b064c361e1ed209fb727f","23692675","1761857243","2025-10-30 20:47:23","0xde83cf15d27eb4795d4e1d33852bf14caebd2b47","0xd53e8c08997ce71e3dc7f7df7f144478d15a81d4","","0","3.21385445548367075","7561.37664994065","0.000012940742871","0.0304462545933616","3804.35","","","Transfer"
"0x250b103186b60c9bee9441cd3e1b933af52eb26452768f676e99927552c249a9","23693427","1761866375","2025-10-30 23:19:35","0xcd8dd90bd998b4b04c747de923f8ea72cf7c63c7","0xde83cf15d27eb4795d4e1d33852bf14caebd2b47","","0.000000000000000304","0","0.000000000000715234163034312","0.00000204269268","0.00480593285959248","3804.35","","","Transfer"
"0xce681b8aa38aa9cbe2f1b6870ebb89f4fc9234380f72a26d3bd23ec711cb536b","23694609","1761880679","2025-10-31 03:17:59","0xd53e692c785440009003e241a83fa185850281d4","0xde83cf15d27eb4795d4e1d33852bf14caebd2b47","","0.000000001","0","0.00000235274395734971","0.000002235667602","0.00525995344124802","3846.74","","","Transfer"
"0xeb2954b7a0a12900694e7ba20fd2fae0aa311259ba5adf7d274052eb5725e918","23694722","1761882047","2025-10-31 03:40:47","0xcd8de29a13ec01486b5d5336403ed3ca92be63c7","0xde83cf15d27eb4795d4e1d33852bf14caebd2b47","","0.000000001","0","0.00000235274395734971","0.000002058502866","0.00484313017916856","3846.74","","","Transfer"
"0xb57b32ea0c5e833fe10ba7bc21c0245fcd211f3d2d9ef148df99099f4f7b23c9","23694733","1761882179","2025-10-31 03:42:59","0xcd8de29a13ec01486b5d5336403ed3ca92be63c7","0xde83cf15d27eb4795d4e1d33852bf14caebd2b47","","0.000000001","0","0.00000235274395734971","0.000002047965948","0.00481833950901497","3846.74","","","Transfer"
"0xea8ec1fd5107a8b00d6912a892266293d8eea46953cc64cc84d80d906514fca7","23698759","1761930911","2025-10-31 17:15:11","0xc1da33e8d60daf4f93a52357a57a076f44c45759","0xde83cf15d27eb4795d4e1d33852bf14caebd2b47","","0.50330861","0","1184.15629085958","0.000010729418574","0.0252435747158542","3846.74","","","Transfer"
"0xaf56581469b027b436fb5e882a002d8b74d56eb86cf9e6f86e7380799a48491b","23716895","1762149959","2025-11-03 06:05:59","0xde83cf15d27eb4795d4e1d33852bf14caebd2b47","0x111111125421ca6dc452d289314280a0f8842a65","","0","0","0","0.000058939192864474","0.13866882986296","3603.83","","","Swap"
"0x82354c249d781d47c6b66adad6eac40eddd6c352c982096955cb0601b6829347","23716900","1762150019","2025-11-03 06:06:59","0xde83cf15d27eb4795d4e1d33852bf14caebd2b47","0xdac17f958d2ee523a2206206994597c13d831ec7","","0","0","0","0.000004136978906663","0.00973325212433458","3603.83","","","Transfer"
"0x3b9708c21ced5e6bee3f6bc77705afb3965878a9102e6a0b889ee3d61c3d6e2a","23716905","1762150079","2025-11-03 06:07:59","0xde83cf15d27eb4795d4e1d33852bf14caebd2b47","0xdac17f958d2ee523a2206206994597c13d831ec7","","0","0","0","0.000003648758168965","0.0085845937338628","3603.83","","","Transfer"
"0x733623a9d4be6b8bf6e569f0157e5f3fe07dbfc949e7a021ba8504355636750c","23718723","1762171967","2025-11-03 12:12:47","0xde83cf15d27eb4795d4e1d33852bf14caebd2b47","0xdac17f958d2ee523a2206206994597c13d831ec7","","0","0","0","0.000070152642969125","0.16505120683772","3603.83","","","Transfer"
"0x99d99406da7cb33a1d70f2999cf859a86d0721ac92948d97f7279a571e9b9f25","23718768","1762172519","2025-11-03 12:21:59","0xde83cf15d27eb4795d4e1d33852bf14caebd2b47","0x111111125421ca6dc452d289314280a0f8842a65","","0","0.5","1176.37197867485","0.000382358200379752","0.899590945486571","3603.83","","","Swap"
"0x78f288371cac1a4bac78b76f926d4d8722dbfc292b7c70c5e96fb04a2517412b","23718794","1762172831","2025-11-03 12:27:11","0xde83cf15d27eb4795d4e1d33852bf14caebd2b47","0xdac17f958d2ee523a2206206994597c13d831ec7","","0","0","0","0.000125846737537716","0.296085151294036","3603.83","","","Transfer"
"0xa6a62a1f5ebd6cb5b08dbe0dfe8c22a2ac71f40e3c138f3eea45c69806550987","23720142","1762189115","2025-11-03 16:58:35","0xde83cf15d27eb4795d4e1d33852bf14caebd2b47","0xdac17f958d2ee523a2206206994597c13d831ec7","","0","0","0","0.000097412303640795","0.229186208762396","3603.83","","","Transfer"
"0x3f94a4ddcb81df854c002beb1d29c159f00db65ecd4875d43e12daeb39178a8e","23720184","1762189619","2025-11-03 17:06:59","0xde83cf15d27eb4795d4e1d33852bf14caebd2b47","0xdac17f958d2ee523a2206206994597c13d831ec7","","0","0","0","0.00011863861024314","0.279126273357915","3603.83","","","Transfer"
"0x7bb304e732008d1d17f1db31d84e1df70436aed3f5696e838370106fa38aebd8","23725059","1762248431","2025-11-04 09:27:11","0xde83cf15d27eb4795d4e1d33852bf14caebd2b47","0xdac17f958d2ee523a2206206994597c13d831ec7","","0","0","0","0.00009590771411452","0.22564629484616","3286.89","","","Transfer"
"0xf0f80e69475227925babf57d4b4757cb08be707720696fc92850b72bf4ecfdc4","23726891","1762270631","2025-11-04 15:37:11","0xde83cf15d27eb4795d4e1d33852bf14caebd2b47","0xdac17f958d2ee523a2206206994597c13d831ec7","","0","0","0","0.000164226055410936","0.386381859507458","3286.89","","","Transfer"
"0x6d466c415fcc531356ee103939a04c32b9e696d2fe2ed6e8f275bc25451dd957","23734682","1762364867","2025-11-05 17:47:47","0xbfdf02c09bdad3e4457f5934eb5e51d1069e2782","0xde83cf15d27eb4795d4e1d33852bf14caebd2b47","","0.443581586066162","0","1043.63389620876","0.000025417026873","0.0597997563892459","3424.12","","","Transfer"
"0x6891d99d3d36618e89c027f2429d1a43a9c1378e71d1df66acd34d4b53faa378","23740395","1762433963","2025-11-06 12:59:23","0xbfdf02c09bdad3e4457f5934eb5e51d1069e2782","0xde83cf15d27eb4795d4e1d33852bf14caebd2b47","","0.788851756102813","0","1855.9662024156","0.000030122440593","0.0708703900858064","3313.99","","","Transfer"
"0xc8298ef2984bcd6ca1d7633eebf2703f89a0e039d3bfcfb6519fb4fc9282def7","23741412","1762446287","2025-11-06 16:24:47","0xde83cf15d27eb4795d4e1d33852bf14caebd2b47","0xdac17f958d2ee523a2206206994597c13d831ec7","","0","0","0","0.000217942607403983","0.512763152618761","3313.99","","","Transfer"
"0xfe2b822686c36b3ba713906deec3945cf30aef2913d51f9b122a0d64387478bb","23742251","1762456379","2025-11-06 19:12:59","0xde83cf15d27eb4795d4e1d33852bf14caebd2b47","0x4cb1b943e5e71b97dd2b3ab6630654ea079e1053","","0","0.030004484029777357","70.5928684944545","0.00002008756008","0.0472608855961193","3313.99","","","Transfer"
"0x6c21ec0170eb4333e44299696dad55f3cc8968147567ab0ad6529ac2efc48607","23747213","1762516355","2025-11-07 11:52:35","0xde83cf15d27eb4795d4e1d33852bf14caebd2b47","0xdac17f958d2ee523a2206206994597c13d831ec7","","0","0","0","0.000185918749943715","0.437419215488087","3434.31","","","Transfer"
"0x5b5a408d7e43cb0016e1e9cea0c1d44bd71eeee11a88ec436241800244338d54","23748602","1762533119","2025-11-07 16:31:59","0x8d0b9717c91c6b2a6de62e91a646a62cd058ef1e","0xde83cf15d27eb4795d4e1d33852bf14caebd2b47","","0.8751391232822573","0","2058.97828414265","0.000077992939458","0.183497417025751","3434.31","","","Transfer"
"0x73c4c6f62d0e223d10159c57e4620564f4b2fa090dc1dc0ab4f94ddb9b9bc9ca","23748667","1762533899","2025-11-07 16:44:59","0xde83cf15d27eb4795d4e1d33852bf14caebd2b47","0xa0b86991c6218b36c1d19d4a2e9eb0ce3606eb48","","0","0","0","0.00019349628672902","0.455247219371309","3434.31","","","Transfer"
"0x7a311e8ebb063773531302278b8146e1d653e084d9bb9b20be7db592ea75513d","23769290","1762782875","2025-11-10 13:54:35","0x56eddb7aa87536c09ccc2793473599fd21a8b17f","0xde83cf15d27eb4795d4e1d33852bf14caebd2b47","","0.09380063","0","220.688865428096","0.000026619269019","0.0626283243335186","3566.73","","","Transfer"
"0x72740fc37c963be28768a2d540f0b901d71bea65f5c245795eb5d10378a91f06","23769675","1762787519","2025-11-10 15:11:59","0x83fe029f842a56f0cb4ee122a96da67469fb4faf","0xde83cf15d27eb4795d4e1d33852bf14caebd2b47","","0.190216456270209","0","447.53061807821","0.000047423759691","0.111575964047805","3566.73","","","Transfer"
"0xfb41821fa9c5adec6761109332b336c41ff906fad0927e641f5a84c6c01f70a3","23777614","1762883747","2025-11-11 17:55:47","0xde83cf15d27eb4795d4e1d33852bf14caebd2b47","0xdac17f958d2ee523a2206206994597c13d831ec7","","0","0","0","0.000057216187845588","0.134615040216293","3416.51","","","Transfer"
"0xd760a9b6b17dd418e879bf9d9971965cc1c500d9d9b0fb28238ff65e72693f37","23782873","1762947179","2025-11-12 11:32:59","0xde83cf15d27eb4795d4e1d33852bf14caebd2b47","0xdac17f958d2ee523a2206206994597c13d831ec7","","0","0","0","0.000011355667071837","0.0267169770849396","3414.45","","","Transfer"
"0x1ff3151d299461f782ad3343f597d9883e013d273a3715ead8550f8a020c0267","23783054","1762949363","2025-11-12 12:09:23","0xde83cf15d27eb4795d4e1d33852bf14caebd2b47","0xdac17f958d2ee523a2206206994597c13d831ec7","","0","0","0","0.000010408427680158","0.0244883653300032","3414.45","","","Transfer"
"0xcfa077cfaeeef1956512b6ae058e15ff69f9e458c0cd686dd0031b63d70ca540","23784227","1762963583","2025-11-12 16:06:23","0xde83cf15d27eb4795d4e1d33852bf14caebd2b47","0xdac17f958d2ee523a2206206994597c13d831ec7","","0","0","0","0.00008895045281856","0.209277640372388","3414.45","","","Transfer"
"0x75a4e919a39b98823f0652bcefc35971d6cca04e689b767a9303976e18307797","23784393","1762965587","2025-11-12 16:39:47","0xde83cf15d27eb4795d4e1d33852bf14caebd2b47","0x042020707ee95372b61ad1d27e2b5b06b6bf7384","","0","0.004392752089331025","10.3350209343089","0.000057081392235","0.134297900658005","3414.45","","","Transfer"
"0xced6604e2c3d040dee0851f1e9c471b9cf3a4d1182c9964998e13e9e9e017441","23784997","1762972859","2025-11-12 18:40:59","0x0420f5d2ee74f455a9e4f4d99d3dd520b1577384","0xde83cf15d27eb4795d4e1d33852bf14caebd2b47","","0.000000001","0","0.00000235274395734971","0.000004257631329","0.0100171163819276","3414.45","","","Transfer"
"0xa37f00f9ee2ad8e4ab19cead553c6a7d5b70390b03c0d2dc5faf82c67c3f1c8e","23791635","1763053271","2025-11-13 17:01:11","0x310626cb764a8a1f899a3299bfff265c03f50380","0xde83cf15d27eb4795d4e1d33852bf14caebd2b47","","1.029371212167358","0","2421.8468992965","0.000044125095861","0.103815052654444","3230.03","","","Transfer"
"0x187dfdcc17fe948633cd4e2cfe4fab1f4b0247de23cfe23e10c34d36fa46e229","23792398","1763062451","2025-11-13 19:34:11","0xde83cf15d27eb4795d4e1d33852bf14caebd2b47","0xdac17f958d2ee523a2206206994597c13d831ec7","","0","0","0","0.000099137777621748","0.233245807244647","3230.03","","","Transfer"
"0xa4f0394bd7e6a352a3942c1b33428ec899e81d0d5e0fd5278e488ed70b68519b","23792674","1763065787","2025-11-13 20:29:47","0xde83cf15d27eb4795d4e1d33852bf14caebd2b47","0xdac17f958d2ee523a2206206994597c13d831ec7","","0","0","0","0.000074301478803132","0.174812355276216","3230.03","","","Transfer"
"0x2e372c42f421543399010952b1bc46139a66319811fdd3ed67e3ed8d3afbc598","23792701","1763066123","2025-11-13 20:35:23","0xde83cf15d27eb4795d4e1d33852bf14caebd2b47","0xdac17f958d2ee523a2206206994597c13d831ec7","","0","0","0","0.000067446211396042","0.158683666308169","3230.03","","","Transfer"
"0x98b624facfe735b08defe6a09ffd8dc5bcd7f62fdad238c05f51b60c9a902b61","23796981","1763117927","2025-11-14 10:58:47","0xde83cf15d27eb4795d4e1d33852bf14caebd2b47","0xdac17f958d2ee523a2206206994597c13d831ec7","","0","0","0","0.000031598489815361","0.0743431559744669","3110.38","","","Transfer"
"0x9f5b1d8e94e7a1c003757b2f70f7f3dfdf5757856e1298d14b918cbfec6aa387","23797732","1763126975","2025-11-14 13:29:35","0xde83cf15d27eb4795d4e1d33852bf14caebd2b47","0xdac17f958d2ee523a2206206994597c13d831ec7","","0","0","0","0.000176303604125558","0.414797239265382","3110.38","","","Transfer"
"0x53999bf9db12acdc9f3c65fb76b9646bca00d3cf0c05713957253d98a51a6874","23797830","1763128163","2025-11-14 13:49:23","0xde83cf15d27eb4795d4e1d33852bf14caebd2b47","0xdac17f958d2ee523a2206206994597c13d831ec7","","0","0","0","0.000183833551006403","0.432513276288454","3110.38","","","Transfer"
"0x18dd51fbf5e890d89eeca13201e5d54fdd0595a3a41eefd32ffb3fe2e3bc4fac","23798029","1763130551","2025-11-14 14:29:11","0xde83cf15d27eb4795d4e1d33852bf14caebd2b47","0xdac17f958d2ee523a2206206994597c13d831ec7","","0","0","0","0.000097806391480329","0.230113396545524","3110.38","","","Transfer"
"0xb5b12bef836c8dbffc24ace7f319aa241bc7a13b803af14bf6d3e7bfd67a8e8d","23819328","1763387783","2025-11-17 13:56:23","0xde83cf15d27eb4795d4e1d33852bf14caebd2b47","0xdac17f958d2ee523a2206206994597c13d831ec7","","0","0","0","0.000167792192138734","0.394772066144868","3028.29","","","Transfer"
"0x61734d72f8fab4b1d64bc983d21ba59c7b3bcbbeca0e106abc72a972fae0f61a","23826037","1763469287","2025-11-18 12:34:47","0xde83cf15d27eb4795d4e1d33852bf14caebd2b47","0xcda4f814f8a0eeb6dd11ce0ef68aa4f0f0383bcb","","0","0.002294720501015296","5.39888979257024","0.000005552939427","0.0130646446824032","3122.36","","","Transfer"
"0x81d61bb06e071e82ea495d27ba51f3144761e353e197de3afd337b8ea2f0b039","23826122","1763470307","2025-11-18 12:51:47","0xcda44a5b3fbdc079affb11ae415bba5ff8a53bcb","0xde83cf15d27eb4795d4e1d33852bf14caebd2b47","","0.000000001","0","0.00000235274395734971","0.000002365457934","0.00556531686058343","3122.36","","","Transfer"
"0x3176f1b335bfdc364d0fb680432d48f3a3f2342655c89c235591be7326ffd8b4","23827093","1763482139","2025-11-18 16:08:59","0x9726269e2827f1dbe9477f5562b45cc3277ebc92","0xde83cf15d27eb4795d4e1d33852bf14caebd2b47","","0.967799975570125","0","2276.98554444581","0.00002046880626","0.0481578602423769","3122.36","","","Transfer"
"0xd522806c036220b271082b0e5ed8994ee1ebc9713fb1bdd080de813341e35b7f","23827372","1763485511","2025-11-18 17:05:11","0x9726269e2827f1dbe9477f5562b45cc3277ebc92","0xde83cf15d27eb4795d4e1d33852bf14caebd2b47","","0.136923768787049","0","322.146569631278","0.00002203076442","0.05183274786495","3122.36","","","Transfer"
"0xec7366d1abbdd2fea0fab3b66a7f48dc5c163783d227f86bb9d2b1b9893b04ca","23827860","1763491439","2025-11-18 18:43:59","0x0f776cc057622f0da2f257d2b987a7cf3386b7cc","0xde83cf15d27eb4795d4e1d33852bf14caebd2b47","","0.89600374","0","2108.06738504774","0.000006788674641","0.015972013240026","3122.36","","","Transfer"
"0x0eb28de4f33721bedad056e70ac264e2b4571dbcf509a7f6cbf9ccf22ba346e4","23827870","1763491571","2025-11-18 18:46:11","0x0f709f9f2fc20a3afba915684d11bc9ae0b2b7cc","0xde83cf15d27eb4795d4e1d33852bf14caebd2b47","","0.00000089600374","0","0.00210806738504774","0.000010074898785","0.0237036572373187","3122.36","","","Transfer"
"0x42bddd66c3ca4d67e644ff26dca1eb91dea9eef6037cd89f0d4479254a232262","23827882","1763491715","2025-11-18 18:48:35","0xde83cf15d27eb4795d4e1d33852bf14caebd2b47","0xdac17f958d2ee523a2206206994597c13d831ec7","","0","0","0","0.000026706077016687","0.0628325613255263","3122.36","","","Transfer"
"0x759d15ab5c1c3270395388432cfdea25c9d0ed5486851beab06a71cf227b4178","23827921","1763492195","2025-11-18 18:56:35","0xde83cf15d27eb4795d4e1d33852bf14caebd2b47","0x01ae2faeb6a06126e5e43495fdcd72da7fcc50d7","","0","0.004742450869647463","11.1577726265909","0.000008662368183","0.0203803343988916","3122.36","","","Transfer"
"0x9b9bd6051d3ef3d1cdf44a318737a4ce32404ab1b3a26294b2f4ce7acd555d4b","23832956","1763553239","2025-11-19 11:53:59","0xde83cf15d27eb4795d4e1d33852bf14caebd2b47","0xdac17f958d2ee523a2206206994597c13d831ec7","","0","0","0","0.000048873641109752","0.114987163794647","3023.23","","","Transfer"
"0x40feeb03f2b9fb2bde9a0f641156c3784dfd95510ce3e89bc643da5a372d87a1","23833048","1763554355","2025-11-19 12:12:35","0xde83cf15d27eb4795d4e1d33852bf14caebd2b47","0xdac17f958d2ee523a2206206994597c13d831ec7","","0","0","0","0.000027836999853817","0.0654933331968127","3023.23","","","Transfer"
"0xe4aa9abe726de97f7d708063211cd7fcb511f49747ef49fe78d0110920325940","23833225","1763556479","2025-11-19 12:47:59","0xde83cf15d27eb4795d4e1d33852bf14caebd2b47","0xdac17f958d2ee523a2206206994597c13d831ec7","","0","0","0","0.000024949199143153","0.0586990775247678","3023.23","","","Transfer"
"0x673ab5935ad8acaf0eeb49852d9d603a5960d04f24f0428be90f5837f5c37126","23833689","1763562167","2025-11-19 14:22:47","0xde83cf15d27eb4795d4e1d33852bf14caebd2b47","0xba28774d6b53fbe11941c4eec9533b282907a326","","0","0.025870498133259373","60.8666581566529","0.000014377628097","0.0338268776262382","3023.23","","","Transfer"
"0x315ee2e345c2968bc301a0ade75632399eb3cd9d614d27dde56022a8920efa3a","23834111","1763567279","2025-11-19 15:47:59","0x9726269e2827f1dbe9477f5562b45cc3277ebc92","0xde83cf15d27eb4795d4e1d33852bf14caebd2b47","","0.555762538767444","0","1307.56695480644","0.000040148998743","0.0944603141862344","3023.23","","","Transfer"
"0x56ae516c7593cbfcb7e223bd64d1cf0623c7587c6b0b0e114373cc096fe4b63d","23841194","1763653151","2025-11-20 15:39:11","0x8d0b9717c91c6b2a6de62e91a646a62cd058ef1e","0xde83cf15d27eb4795d4e1d33852bf14caebd2b47","","1.6734973249145262","0","3937.31071883356","0.000014811156612","0.0348468592202432","2830.93","","","Transfer"
"0x18a8a5a090ccd1b395f90440859534b3f685b2bf3f9a070a15ba201487860f42","23847015","1763723591","2025-11-21 11:13:11","0xde83cf15d27eb4795d4e1d33852bf14caebd2b47","0xdac17f958d2ee523a2206206994597c13d831ec7","","0","0","0","0.000069688925657155","0.163960198734065","2764.76","","","Transfer"
"0x275b2fb31ae11193d259d1b0e3f54fa5d7120e44aa4b7c4ce6fa8b11404cd498","23847025","1763723711","2025-11-21 11:15:11","0xde83cf15d27eb4795d4e1d33852bf14caebd2b47","0xcda4f814f8a0eeb6dd11ce0ef68aa4f0f0383bcb","","0","0.003687299561989236","8.67527176340841","0.000026451843222","0.0622344143013224","2764.76","","","Transfer"
"0x78590af31a6be39e8d5b9419594fb440825af7ee7c01bfa6c550aef807e05d06","23847246","1763726423","2025-11-21 12:00:23","0xde83cf15d27eb4795d4e1d33852bf14caebd2b47","0xf6801d319497789f934ec7f83e142a9536312b08","","0","0","0","0.000501864506337948","1.1807586846949","2764.76","","","Uniswap V3Swap To"
"0xb94fee800b386f94cd413e6b24b83b6069c981a0225429c5484a5272a160c260","23847515","1763729687","2025-11-21 12:54:47","0xde83cf15d27eb4795d4e1d33852bf14caebd2b47","0xef2272b32f5c6d8ccb69e9554449890e74f8395b","","0","0.007321869234546331","17.2264835980836","0.000126124117035","0.296737754230164","2764.76","","","Transfer"
"0x6ad33282c1bf8aa3b30415c138556350ac9aa656f20603a57ef63499c5165ce4","23848793","1763745323","2025-11-21 17:15:23","0xde83cf15d27eb4795d4e1d33852bf14caebd2b47","0xa390420596286b16fa2cef84ea5c89ca78a7b21e","","0","0.12515692044313368","294.462188293081","0.000042731648022","0.100536626671355","2764.76","","","Transfer"
"0x004f04c1aa3f5290a94bac66d78422604e9252836b830e8ad015b59d0156dba7","23869743","1763999771","2025-11-24 15:56:11","0x0f776cc057622f0da2f257d2b987a7cf3386b7cc","0xde83cf15d27eb4795d4e1d33852bf14caebd2b47","","0.11514912","0","270.916396274137","0.000006869157246","0.0161613682026115","2953.06","","","Transfer"
"0x3f4697db2ba85633615a1fa42c5dc074b11935cf5958313288f3c89a40b21d7a","23870142","1764004631","2025-11-24 17:17:11","0xa03bd56d79780b74803847289e9667dc8206e770","0xde83cf15d27eb4795d4e1d33852bf14caebd2b47","","0.589990002306749","0","1388.09541282395","0.000009255317274","0.0217753917897579","2953.06","","","Transfer"
"0xda40197046043af67008dc583f127a1e4a87bc3b4e77780f79619f765756108a","23876253","1764079091","2025-11-25 13:58:11","0xde83cf15d27eb4795d4e1d33852bf14caebd2b47","0xbf7aa1d5e95eb35813d03eacc5c4e9fa3ec6f9ab","","0","7.925343938670986277","18646.3050616263","0.000037257478482","0.0876573073646123","2958.83","","","Transfer"
"0x26b64a7aa78b31f4ffc8e7ee7fb03e6477329a0545057b5643ec93a1cbb738db","23876355","1764080315","2025-11-25 14:18:35","0xde83cf15d27eb4795d4e1d33852bf14caebd2b47","0x111111125421ca6dc452d289314280a0f8842a65","","0","0","0","0.0002303873252352","0.542042387297079","2958.83","","","Swap"
"0x4eeaaf91f9819a00e349d48423d952b55320f797d95a08e642e0d9b14359017b","23876744","1764085043","2025-11-25 15:37:23","0xde83cf15d27eb4795d4e1d33852bf14caebd2b47","0xdac17f958d2ee523a2206206994597c13d831ec7","","0","0","0","0.000165723939615409","0.389905997518342","2958.83","","","Transfer"
"0xa97434c9229b6eac38415fecee41cbc51b7002d5876e499cae3bbc1fd2d3ee7e","23876871","1764086603","2025-11-25 16:03:23","0xef2272b32f5c6d8ccb69e9554449890e74f8395b","0xde83cf15d27eb4795d4e1d33852bf14caebd2b47","","0.238751003032403068","0","561.719979695669","0.000011835079578","0.0278449119618925","2958.83","","","Transfer"
"0x4222fc193f364473fe2b485aad4385f22f29df4d4c9bd67ec25f5a9abe9122b6","23877211","1764090779","2025-11-25 17:12:59","0xbf7ac487fb24834e802fa0fbc3534c0374e1f9ab","0xde83cf15d27eb4795d4e1d33852bf14caebd2b47","","0.000000001","0","0.00000235274395734971","0.000004236495648","0.00996738953617034","2958.83","","","Transfer"
"0x1bc18ee476cda057eecac443028acab79f72a97428fb9230f4c9d15f54f70ac3","23890509","1764252059","2025-11-27 14:00:59","0x0f776cc057622f0da2f257d2b987a7cf3386b7cc","0xde83cf15d27eb4795d4e1d33852bf14caebd2b47","","0.1072483","0","252.327789761029","0.000002356662483","0.00554462341639101","3015.29","","","Transfer"
"0x3cc423896a05b81f40b38358fa0da8b8b23d46d3340cb3c1b7bf600529ca301b","23890786","1764255431","2025-11-27 14:57:11","0xde83cf15d27eb4795d4e1d33852bf14caebd2b47","0xdac17f958d2ee523a2206206994597c13d831ec7","","0","0","0","0.000003432920618087","0.00807678324026542","3015.29","","","Transfer"
"0x5628e9c6cbec7c28c8083b8cab2e63d50be2f2794048d6f8e67eea14ba4b539e","23890789","1764255467","2025-11-27 14:57:47","0xde83cf15d27eb4795d4e1d33852bf14caebd2b47","0xbf7aa1d5e95eb35813d03eacc5c4e9fa3ec6f9ab","","0","0.53420164018938652","1256.83968096188","0.000001790392359","0.00421233480392234","3015.29","","","Transfer"
"0xcbb9ee2cb9e311c691cd5ed12c1bcbe4cb2bd96c756c76e5a135f12035c7c31e","23890807","1764255683","2025-11-27 15:01:23","0xbf7ac487fb24834e802fa0fbc3534c0374e1f9ab","0xde83cf15d27eb4795d4e1d33852bf14caebd2b47","","0.000000001","0","0.00000235274395734971","0.000001539014274","0.00362090653342845","3015.29","","","Transfer"
"0x54b934a33f5e0059664d90cc371b3b48183d4e9a041550f783d8b6d4a928bb54","23890995","1764257975","2025-11-27 15:39:35","0x0f776cc057622f0da2f257d2b987a7cf3386b7cc","0xde83cf15d27eb4795d4e1d33852bf14caebd2b47","","0.12949966","0","304.679542543842","0.000001314031299","0.00309157919849064","3015.29","","","Transfer"
"0xacde5439f05bb52488da6d8f337f83f98492528a2c388b3e872fdebee8282c4e","23891714","1764266735","2025-11-27 18:05:35","0xd53e2e72742f2f798514cdd99bca2ce3453d81d4","0xde83cf15d27eb4795d4e1d33852bf14caebd2b47","","0.000000000000000002","0","0.0000000000000047054879146994","0.000001008","0.00237156590900851","3015.29","","","Transfer"
"0xd232f830761b09d11e81547251511ccd432f7811c1eade2264e70b444af2fdfb","23892029","1764270527","2025-11-27 19:08:47","0x0f776cc057622f0da2f257d2b987a7cf3386b7cc","0xde83cf15d27eb4795d4e1d33852bf14caebd2b47","","0.19030535","0","447.739762263822","0.000000959787906","0.00225813519617883","3015.29","","","Transfer"
"0xc3bf945bf0690b06d8406678f9847214d54dbb4f70ad83b3fada54615e0aa489","23892316","1764273995","2025-11-27 20:06:35","0x8d0b9717c91c6b2a6de62e91a646a62cd058ef1e","0xde83cf15d27eb4795d4e1d33852bf14caebd2b47","","0.2164130850740951","0","509.164578199486","0.000003015988059","0.00709584768125113","3015.29","","","Transfer"
"0x5fd249b5103173503048e58a68cc45cca237c8c98e93d3c4ddf41a8b4ff91e6c","23896938","1764330047","2025-11-28 11:40:47","0xcda4f814f8a0eeb6dd11ce0ef68aa4f0f0383bcb","0xde83cf15d27eb4795d4e1d33852bf14caebd2b47","","1.941526171606322336","0","4567.91396828309","0.00000324231705","0.00762834184719944","3032.20","","","Transfer"
"0x2fc5e5cf0a135174372dbe2f7c3ec7f10bae13b12be9c4cdd5aca7a4ff2c92ff","23896943","1764330107","2025-11-28 11:41:47","0x989d1846fc2c8bbf72ae98873937e9ea6b2e55bc","0xde83cf15d27eb4795d4e1d33852bf14caebd2b47","","8.509996782180017","0","20021.8435063395","0.000003087564879","0.00726424961199244","3032.20","","","Transfer"
"0xf7bf3584f71ef089b2e739e6c93867158e3d5dcfd575692da8e63db44f4c8a72","23897182","1764332999","2025-11-28 12:29:59","0x989d1846fc2c8bbf72ae98873937e9ea6b2e55bc","0xde83cf15d27eb4795d4e1d33852bf14caebd2b47","","0.387957578361213","0","912.76484819737","0.000004826383044","0.0113552435426261","3032.20","","","Transfer"
"0xd6baefd62df1cec870dc10b919ef81b85df48872f7a1818b912f8e5f52f53399","23897482","1764336659","2025-11-28 13:30:59","0xde83cf15d27eb4795d4e1d33852bf14caebd2b47","0xdac17f958d2ee523a2206206994597c13d831ec7","","0","0","0","0.000004364971580164","0.0102696605092341","3032.20","","","Transfer"
"0xd77d2dc36a08d0535d888ff09f36946044973b3eb16dd622c48e6a63e72920c7","23913580","1764531035","2025-11-30 19:30:35","0xde83cf15d27eb4795d4e1d33852bf14caebd2b47","0xdac17f958d2ee523a2206206994597c13d831ec7","","0","0","0","0.000002833029500763","0.00666539303891361","2992.33","","","Transfer"
"0xcf273d4308fe97a0cf169e7063ed983a76874078afaee2bb25118965f922beeb","23913581","1764531047","2025-11-30 19:30:47","0xde83cf15d27eb4795d4e1d33852bf14caebd2b47","0xbf7aa1d5e95eb35813d03eacc5c4e9fa3ec6f9ab","","0","11.875432381112274559","27939.851775577","0.000001400692944","0.00329547186009838","2992.33","","","Transfer"
"0xa7e2eeff980ac71fd1405366e2c2117fffc3ecd65124773e2e4f41a69e85ab8c","23913582","1764531059","2025-11-30 19:30:59","0xbf7a430450b34a5ec9637245f6f8357fbd35f9ab","0xde83cf15d27eb4795d4e1d33852bf14caebd2b47","","0.00000001","0","0.0000235274395734971","0.000001432739574","0.0033708693751843","2992.33","","","Transfer"
"0x67dc7f5dc562d4dc3080a0fc2fd240c70019772a1ad04e4f54d648932425d03c","23913583","1764531071","2025-11-30 19:31:11","0xbf7a430450b34a5ec9637245f6f8357fbd35f9ab","0xde83cf15d27eb4795d4e1d33852bf14caebd2b47","","0.00000001","0","0.0000235274395734971","0.000001382624544","0.0032529615411794","2992.33","","","Transfer"
"0xcb7916e73982a575d25528ae177e586e807f52ca3f207115c09b130d748f2454","23913587","1764531119","2025-11-30 19:31:59","0xde83cf15d27eb4795d4e1d33852bf14caebd2b47","0xa0b86991c6218b36c1d19d4a2e9eb0ce3606eb48","","0","0","0","0.000003174197048","0.00746807292411929","2992.33","","","Transfer"
"0xd01b526461a802c075229cf525105ba466dc782967e47e90a1991efbd5164bd5","23913589","1764531143","2025-11-30 19:32:23","0xbf7a430450b34a5ec9637245f6f8357fbd35f9ab","0xde83cf15d27eb4795d4e1d33852bf14caebd2b47","","0.00000001","0","0.0000235274395734971","0.000001424056221","0.00335043966888401","2992.33","","","Transfer"
"0x13671d8227c6a296352546c55e31eaafb2dce42b28f20ff5365986bdf0b95b5d","23913597","1764531239","2025-11-30 19:33:59","0xbf7ac487fb24834e802fa0fbc3534c0374e1f9ab","0xde83cf15d27eb4795d4e1d33852bf14caebd2b47","","0.000000001","0","0.00000235274395734971","0.000000998117022","0.00234831379223839","2992.33","","","Transfer"
"0x8ac9ccc4e3151ba4f998e8f37667c888e4a9e29e4ecefbdd400de277fa533d11","23913612","1764531419","2025-11-30 19:36:59","0xbf7ac487fb24834e802fa0fbc3534c0374e1f9ab","0xde83cf15d27eb4795d4e1d33852bf14caebd2b47","","0.000000001","0","0.00000235274395734971","0.000001162862904","0.00273591867061214","2992.33","","","Transfer"
"0x25ac038c562fb62b26e3f182e7f4d5c8dd7ac3caeec7ceb10cf139c7f912f8ef","23918782","1764593951","2025-12-01 12:59:11","0xde83cf15d27eb4795d4e1d33852bf14caebd2b47","0xdac17f958d2ee523a2206206994597c13d831ec7","","0","0","0","0.000011092614622042","0.0260980820232184","2799.09","","","Transfer"
"0xa889bdc99c8aa91ac2ff333185c12238f1b7afef642cf75ad2dd3a301df75a6a","23919511","1764602747","2025-12-01 15:25:47","0xde83cf15d27eb4795d4e1d33852bf14caebd2b47","0xdac17f958d2ee523a2206206994597c13d831ec7","","0","0","0","0.000071067684692214","0.167204065722441","2799.09","","","Transfer"
"0x5d525275f506ed5edd403febfdeab838bb6c1317bacd0ddb5c52096ad314a65e","23920644","1764616415","2025-12-01 19:13:35","0xde83cf15d27eb4795d4e1d33852bf14caebd2b47","0xdac17f958d2ee523a2206206994597c13d831ec7","","0","0","0","0.000005151300023857","0.012119690003625","2799.09","","","Transfer"
"0x942bc7d2c8b4de87a4b5b8a103ce68cc014ae4b2ad464a654228e6bac81c2a3c","23926177","1764683303","2025-12-02 13:48:23","0xde83cf15d27eb4795d4e1d33852bf14caebd2b47","0xdac17f958d2ee523a2206206994597c13d831ec7","","0","0","0","0.000006878199126907","0.0161826414332785","2997.13","","","Transfer"
"0x028bfa36d0425b69551ca780fefa18eda869fc35911a237c219144da21a2c124","23926197","1764683555","2025-12-02 13:52:35","0xde83cf15d27eb4795d4e1d33852bf14caebd2b47","0xdac17f958d2ee523a2206206994597c13d831ec7","","0","0","0","0.000009185976994489","0.0216122518661374","2997.13","","","Transfer"
"0x40bb42abbda7da37106d7ec63739f0f06b2b59d2f830ee43ce0078276bc52cc6","23926415","1764686195","2025-12-02 14:36:35","0xde83cf15d27eb4795d4e1d33852bf14caebd2b47","0xdac17f958d2ee523a2206206994597c13d831ec7","","0","0","0","0.000037005659557353","0.0870648419113028","2997.13","","","Transfer"
"0x171343ba9ec4f786f7b1b7e8c3f0b69b32c900b130f2904dcb5e3c457d6ea57b","23926846","1764691415","2025-12-02 16:03:35","0xde83cf15d27eb4795d4e1d33852bf14caebd2b47","0xdac17f958d2ee523a2206206994597c13d831ec7","","0","0","0","0.000063487746330095","0.149370411543882","2997.13","","","Transfer"
"0xd86a7f99d2adcbc04b7addc2a13905773371764ee1282e14a55e9bbd509b52ad","23934239","1764780947","2025-12-03 16:55:47","0xfbc22dcb9e3ff2a38c7500fa8161972cdd4dda91","0xde83cf15d27eb4795d4e1d33852bf14caebd2b47","","0.3147821707378494","0","740.6018500849","0.000003084271827","0.0072565019037982","3189.79","","","Transfer"
"0x18a039d9f83d031709f370817a6d51cc3a2031faab36f855e5b84cd926e6952e","23939011","1764842939","2025-12-04 10:08:59","0xde83cf15d27eb4795d4e1d33852bf14caebd2b47","0xdac17f958d2ee523a2206206994597c13d831ec7","","0","0","0","0.000003583976594944","0.00843217927703729","3134.24","","","Transfer"
"0x47909993c3e65e173c3e3e4f9b924a2ceac0d50418159c2afcaf6d2d07d3b8ca","23939300","1764846503","2025-12-04 11:08:23","0xde83cf15d27eb4795d4e1d33852bf14caebd2b47","0xdac17f958d2ee523a2206206994597c13d831ec7","","0","0","0","0.000001417020074411","0.00333388541751372","3134.24","","","Transfer"
"0xde002753842c411bc2ee0fd5d2ba9319d8527167138dc0eacd7d08c53a33ab66","23939306","1764846575","2025-12-04 11:09:35","0xde83cf15d27eb4795d4e1d33852bf14caebd2b47","0xdac17f958d2ee523a2206206994597c13d831ec7","","0","0","0","0.000001432117717754","0.00336940630665918","3134.24","","","Transfer"
"0xc4d23efc51b0083b7763fbd03c81402ae1b7d1256fa37c73ebf0bbb2c8bb70d0","23939569","1764849815","2025-12-04 12:03:35","0xde83cf15d27eb4795d4e1d33852bf14caebd2b47","0xdac17f958d2ee523a2206206994597c13d831ec7","","0","0","0","0.000001421358447469","0.00334409249851065","3134.24","","","Transfer"
"0x4b73e05ce402bce949edb122e0e13ecaad6e5302b6bdb01026950a12602833a2","23940752","1764864335","2025-12-04 16:05:35","0xde83cf15d27eb4795d4e1d33852bf14caebd2b47","0xdac17f958d2ee523a2206206994597c13d831ec7","","0","0","0","0.000022788584231205","0.0536157038465224","3134.24","","","Transfer"
"0xabbd75794a9b918a2f4caf6c00ec6dfa2624d749eeaccfcc3c8bec187e6b795a","23940767","1764864515","2025-12-04 16:08:35","0xde83cf15d27eb4795d4e1d33852bf14caebd2b47","0xdac17f958d2ee523a2206206994597c13d831ec7","","0","0","0","0.00000891524708004","0.0209752936958438","3134.24","","","Transfer"
"0x728d36e6f43f6a3b0be258f4101779af917cf9ef04fc0993250836e7abbd465f","23941521","1764873863","2025-12-04 18:44:23","0xde83cf15d27eb4795d4e1d33852bf14caebd2b47","0xdac17f958d2ee523a2206206994597c13d831ec7","","0","0","0","0.000004284298990523","0.0100798585614325","3134.24","","","Transfer"
"0xe95bd2a07d51287c3e98f5f498981e1f0e08640293f6e75d36aa5295513ade0a","23941683","1764875879","2025-12-04 19:17:59","0xde83cf15d27eb4795d4e1d33852bf14caebd2b47","0xdac17f958d2ee523a2206206994597c13d831ec7","","0","0","0","0.000017369541364047","0.0408660834861974","3134.24","","","Transfer"
"0x97a44bb959ca6dd116a42760f1b60e841f1efab3fdb2012fa62998ef744b283f","23946820","1764938579","2025-12-05 12:42:59","0xde83cf15d27eb4795d4e1d33852bf14caebd2b47","0xdac17f958d2ee523a2206206994597c13d831ec7","","0","0","0","0.000002072835871494","0.00487685207123523","3022.97","","","Transfer"
"0x4427573ffbb0c85c84af3864955ca53f9a6f09d2d1f5d459a567916fa4f0f2a2","23947949","1764952319","2025-12-05 16:31:59","0x989d1846fc2c8bbf72ae98873937e9ea6b2e55bc","0xde83cf15d27eb4795d4e1d33852bf14caebd2b47","","3.324825310383683","0","7822.46265824858","0.000005734329846","0.0134914098946266","3022.97","","","Transfer"
"0x622d08893e48e2407f3f3f4099449e9a73845625f7ba090077d88144b2e214cf","23948633","1764960707","2025-12-05 18:51:47","0xde83cf15d27eb4795d4e1d33852bf14caebd2b47","0xdac17f958d2ee523a2206206994597c13d831ec7","","0","0","0","0.000003034381646459","0.00713912308299928","3022.97","","","Transfer"
"0x89a47189cea7ceaeb40e3529896389ddac2e3bad46f7ff0d3464b0acb90a6e2c","23983742","1765387103","2025-12-10 17:18:23","0xbb730b2fa00bda9392e56f54b980402d7c8843d4","0xde83cf15d27eb4795d4e1d33852bf14caebd2b47","","0.037156323325038","0","87.4193151803152","0.000045652817322","0.107409390090326","3325.03","","","Transfer"
"0xfbe64d6a3d05da877b052c8e98835a338ac549ba8d90cdd1ce3d279ee164dba9","23991760","1765484159","2025-12-11 20:15:59","0x0f776cc057622f0da2f257d2b987a7cf3386b7cc","0xde83cf15d27eb4795d4e1d33852bf14caebd2b47","","0.04069678","0","95.7491032285905","0.000002455410636","0.00577695253666121","3238.00","","","Transfer"
"0xe5a299e0a78f70e2873cf0defa7107f115b5b6209e9b735a5800fc517fe77177","23992006","1765487135","2025-12-11 21:05:35","0x0f776cc057622f0da2f257d2b987a7cf3386b7cc","0xde83cf15d27eb4795d4e1d33852bf14caebd2b47","","0.20391975","0","479.770959596764","0.000002562022155","0.00602778214377233","3238.00","","","Transfer"
"0xb319725fe715b46a540c353156cd5f572c8900c2d549af07c6654d85b279e63a","24033236","1765985423","2025-12-17 15:30:23","0xde83cf15d27eb4795d4e1d33852bf14caebd2b47","0xdac17f958d2ee523a2206206994597c13d831ec7","","0","0","0","0.000025689887447829","0.0604417274578738","2832.59","","","Transfer"
"0x0417aa1c3d569159c890610a2968d5a22e527ab961e5667ecf0145c9c06d4c05","24039525","1766061347","2025-12-18 12:35:47","0xde83cf15d27eb4795d4e1d33852bf14caebd2b47","0xbf7aa1d5e95eb35813d03eacc5c4e9fa3ec6f9ab","","0","3.841177258231626519","9037.30658341359","0.000001610255682","0.00378851932561354","2826.97","","","Transfer"
"0xee0ea66019ad0020af0e90c6c3f93978c5f7162109d7b0bf0b7dba153c7902a0","24039545","1766061587","2025-12-18 12:39:47","0xbf7ac487fb24834e802fa0fbc3534c0374e1f9ab","0xde83cf15d27eb4795d4e1d33852bf14caebd2b47","","0.000000001","0","0.00000235274395734971","0.000001206422721","0.00283840376684215","2826.97","","","Transfer"
"0x9cfd0988fb6f04f6012460f6865db3cdb4f23846eea7ff5ebf92acbf0d08102a","24039552","1766061671","2025-12-18 12:41:11","0xde83cf15d27eb4795d4e1d33852bf14caebd2b47","0xdac17f958d2ee523a2206206994597c13d831ec7","","0","0","0","0.000004579563969315","0.0107745414561023","2826.97","","","Transfer"
"0x1c016c296a297dad676ce11320d329d18f7b08d8d7f238216d40f33c3c07a049","24040234","1766069927","2025-12-18 14:58:47","0xde83cf15d27eb4795d4e1d33852bf14caebd2b47","0xdac17f958d2ee523a2206206994597c13d831ec7","","0","0","0","0.000010503789782715","0.0247127279405543","2826.97","","","Transfer"
"0xeff6f0bb955ffa74bf434839d370f700d2eb884af3c94ff0708efbaeec3eee56","24048472","1766169383","2025-12-19 18:36:23","0xde83cf15d27eb4795d4e1d33852bf14caebd2b47","0xdac17f958d2ee523a2206206994597c13d831ec7","","0","0","0","0.000006375475333911","0.0149998610670912","2978.23","","","Transfer"
"0xb87ce32a9c5cdbec68d854bb1b3e927b28ae9d76e9dd199ff2a372dab5f0e5e4","24174954","1767694283","2026-01-06 10:11:23","0xde83cf15d27eb4795d4e1d33852bf14caebd2b47","0xdac17f958d2ee523a2206206994597c13d831ec7","","0","0","0","0.000019433973282946","0.0457231632087469","3295.76","","","Transfer"
"0xf91e0582941114494650bfd4cc6d0727c063194beb6b7deef223146c5b073744","24177337","1767723035","2026-01-06 18:10:35","0xde83cf15d27eb4795d4e1d33852bf14caebd2b47","0xdac17f958d2ee523a2206206994597c13d831ec7","","0","0","0","0.000033857460662524","0.0796579359849588","3295.76","","","Transfer"
"0x62ea32d6ebf7107d2222fbee88afa347d619fc8f5e1a4e8da30ad26b3a9a1ec8","24177343","1767723107","2026-01-06 18:11:47","0xde83cf15d27eb4795d4e1d33852bf14caebd2b47","0x900533a4346a8b715dd1c1192f1509ad8428a6a3","","0","0.31119587612939272","732.164217115578","0.000010106040693","0.023776926173186","3295.76","","","Transfer"
"0xc8611e960be87db5348fccef603c92434c75128e96123ffdb0cc1325a85108e5","24177389","1767723659","2026-01-06 18:20:59","0xde83cf15d27eb4795d4e1d33852bf14caebd2b47","0xa0b86991c6218b36c1d19d4a2e9eb0ce3606eb48","","0","0","0","0.0000140232979568","0.0329932295299757","3295.76","","","Transfer"
"0x4b9d310b723f6341e783a8ebb26130de8ae69628016373bd5460185cbf3b6cc7","24219248","1768228331","2026-01-12 14:32:11","0x424ca3db2a24773c2b73bb8a861e393406b9b680","0xde83cf15d27eb4795d4e1d33852bf14caebd2b47","","0.124572717546403","0","293.087708457932","0.000006552040908","0.0154152746546051","3092.18","","","Transfer"
"0x73f9a36efeb5f709415452a20d8ba8516788d5308267128d4a5f38dc64e8e669","24284349","1769012747","2026-01-21 16:25:47","0xde83cf15d27eb4795d4e1d33852bf14caebd2b47","0xdac17f958d2ee523a2206206994597c13d831ec7","","0","0","0","0.00001496727319913","0.0352141615772554","2979.98","","","Transfer"
"0xba06359ee3b447a5878b5b252c4ff2e0bff7ec03bdebee2ae349effc62e9bbbc","24328984","1769550851","2026-01-27 21:54:11","0xdcd9b211dac6464e8bba2b1878698041eea19f86","0xde83cf15d27eb4795d4e1d33852bf14caebd2b47","","0.059079763709348","0","138.999557068817","0.000004048932972","0.009526102583587","3022.49","","","Transfer"
"0xcfe36d4592a7c76f78c37f3124baf61ba110093ce41a55c56dc14a8e15955722","24347962","1769779451","2026-01-30 13:24:11","0xde83cf15d27eb4795d4e1d33852bf14caebd2b47","0xbf7aa1d5e95eb35813d03eacc5c4e9fa3ec6f9ab","","0","0.271058300650953057","637.730778946011","0.000002028875226","0.00477342392818803","2703.23","","","Transfer"
"0x6efbc63dd6f022299dcbfe8bda376b3b5e1ba16a00262f9e754134dc2b69a177","24349474","1769797655","2026-01-30 18:27:35","0x40d3aaae4dd16177c353cb3b4d78f541d46ebb55","0xde83cf15d27eb4795d4e1d33852bf14caebd2b47","","0.090315457101153","0","212.489145950015","0.000083952841728","0.197519541077889","2703.23","","","Transfer"
